categorie_bis,companies,noms,titre_com,commentaire,reponses,notes,date_experience,date_commentaire,site,nombre_pages,date_scrap,verified,annÃ©e_experience,mois_experience,jour_experience,annÃ©e_commentaire,mois_commentaire,jour_commentaire,leadtime_com_exp,nombre_caractÃ¨res,nombre_maj,nombre_car_spÃ©,caractÃ¨res_spÃ©,emojis_positifs_count,emojis_negatifs_count,commentaire_text,langue_bis
bank,Younited CreditÂ ,Yves,APPLICATION PAS FORCEMENT A LA PORTEEâ€¦,APPLICATION PAS FORCEMENT A LA PORTEE DES PERSONNES QUI AVANCE EN AGE ET UNE BASE INFORMATIQUE LIMITE,,0.0,,2020-08-05,https://www.trustpilot.com/review/www.younited-credit.com?page=21,38,14-09-2024,1,0,0,0,2020,8,5,,101,85,0,,0,0,application pas forcement a la portee des personnes qui avance en age et une base informatique limite,fr
bank,Younited CreditÂ ,SANDRINE,Simple et rapide .," May 21, 2021","Bonjour Madame,Nous vous remercions dâ€™avoir pris le temps de nous laisser un message et sommes ravis de lire que vous Ãªtre pleinement satisfait de votre expÃ©rience Younited.Excellente journÃ©e,Hassan de l'Ã©quipe Younited Credit",0.0,,2021-05-21,https://www.trustpilot.com/review/www.younited-credit.com?page=17,38,14-09-2024,1,0,0,0,2021,5,21,,13,1,1,,0,0,"may 21, 2021",tl
bank,MonabanqÂ ,M   CEZARY PIOTR K,Monabanque au quotidien,"Simple, interlocuteurs efficaces.Lâ€™appli mobile est trÃ¨s facile Ã  utiliser.",,0.0,,2023-05-22,https://www.trustpilot.com/review/www.monabanq.com?page=1,4,14-09-2024,0,0,0,0,2023,5,22,,75,2,4,â€™,0,0,"simple, interlocuteurs efficaces.l appli mobile est trÃ¨s facile Ã  utiliser.",fr
bank,Younited CreditÂ ,BOULL VERO,Bon  simple et rapide," January 03, 2018",,0.0,,2018-01-03,https://www.trustpilot.com/review/www.younited-credit.com?page=31,38,14-09-2024,0,0,0,0,2018,1,3,,17,1,1,,0,0,"january 03, 2018",id
bank,01 Banque en LigneÂ ,Leston,Un contenu simple et ludique qui mâ€™aâ€¦,Un contenu simple et ludique qui mâ€™a apportÃ© toutes les rÃ©ponses Ã  mes questions.,,0.0,,2019-11-20,https://www.trustpilot.com/review/01banque-en-ligne.fr?page=2,3,14-09-2024,0,0,0,0,2019,11,20,,81,1,2,â€™,0,0,un contenu simple et ludique qui m a apportÃ© toutes les rÃ©ponses Ã  mes questions.,fr
bank,SumeriaÂ ,James,Simple and easy,"Simple, easy, I recommend it.",,0.0,,2023-03-27,https://www.trustpilot.com/review/sumeria.eu?page=19,51,14-09-2024,1,0,0,0,2023,3,27,,29,2,3,,0,0,"simple, easy, i recommend it.",en
bank,Younited CreditÂ ,Faizy,Good service,Good service,,0.0,,2024-08-24,https://www.trustpilot.com/review/www.younited-credit.com?page=1,38,14-09-2024,0,0,0,0,2024,8,24,,12,1,0,,0,0,good service,hr
bank,BoursoBankÂ ,M. JFLY Jim,People isn't really bank people,"People isn't really bank people Impossible to receive when problems Response at mail are very often incoherent and usefulness, no interest, problem understanding when demand no indicate name because lots problem, proces, saboted, block accounts...Families condamned at indemnity compensate and receive nothing, identity thief very often Recommend physical bank except french bank postal always scammers that really worst than bourso bank No need invest in this bank Boursorama a few years ago was very better Fortunately app is very great, lots possibility but sometimes impossible to unlock some accounts, progress is possible.I lost my time always with Bourso bank and pay very important fees. This bank become very bad bank",,0.0,,2024-08-23,https://www.trustpilot.com/review/boursobank.com?page=2,10,14-09-2024,0,0,0,0,2024,8,23,,726,11,14,',0,0,"people isn't really bank people impossible to receive when problems response at mail are very often incoherent and usefulness, no interest, problem understanding when demand no indicate name because lots problem, proces, saboted, block accounts...families condamned at indemnity compensate and receive nothing, identity thief very often recommend physical bank except french bank postal always scammers that really worst than bourso bank no need invest in this bank boursorama a few years ago was very better fortunately app is very great, lots possibility but sometimes impossible to unlock some accounts, progress is possible.i lost my time always with bourso bank and pay very important fees. this bank become very bad bank",en
bank,FortuneoÂ ,REMY,Facile et clair,Facile simple,,0.0,,2024-01-22,https://www.trustpilot.com/review/fortuneo.fr?page=4,10,14-09-2024,0,0,0,0,2024,1,22,,13,1,0,,0,0,facile simple,ro
bank,la NefÂ ,Philippe Coq,Avec la Nef la transparence est une Ã©vidence,Avec la Nef je sais exactement Ã  quoi est utilisÃ© mon argent puisque la Nef publie chaque annÃ©e la liste des crÃ©dits qu'elle a octroyÃ©s.De plus je sais que la Nef est une des rares banque n'ayant aucune filiale dans des paradis fiscaux.,,0.0,,2022-12-17,https://www.trustpilot.com/review/www.lanef.com?page=3,6,14-09-2024,0,0,0,0,2022,12,17,,236,5,4,'',0,0,avec la nef je sais exactement Ã  quoi est utilisÃ© mon argent puisque la nef publie chaque annÃ©e la liste des crÃ©dits qu'elle a octroyÃ©s.de plus je sais que la nef est une des rares banque n'ayant aucune filiale dans des paradis fiscaux.,fr
bank,Younited CreditÂ ,WATERMOLEN,Rapide,"Rapide, efficace impeccable",,0.0,,2017-11-17,https://www.trustpilot.com/review/www.younited-credit.com?page=32,38,14-09-2024,0,0,0,0,2017,11,17,,27,1,1,,0,0,"rapide, efficace impeccable",es
bank,QontoÂ ,Kevin,tres content," March 19, 2021","Merci beaucoup Kevin,  pour votre soutien ! ğŸ’œ",0.0,,2021-03-19,https://www.trustpilot.com/review/qonto.com?page=26,30,14-09-2024,0,0,0,0,2021,3,19,,15,1,1,,0,0,"march 19, 2021",cy
bank,AnytimeÂ ,THIERRY DELAPORTE,Parfait excellent," September 07, 2022","Bonjour Thierry, Merci pour votre fidÃ©litÃ© et votre gentillesse ğŸ˜Ravie que vous soyez satisfait par notre Service Client ! A bientÃ´t, Barbara - Anytime",0.0,,2022-09-07,https://www.trustpilot.com/review/anyti.me?page=6,14,14-09-2024,0,0,0,0,2022,9,7,,19,1,1,,0,0,"september 07, 2022",sv
bank,QontoÂ ,JÃ©rÃ´me,simple et rapide,simple et rapideBon support via le tchat,"Bonjour JÃ©rÃ´me, Merci dâ€™avoir pris le temps de partager votre expÃ©rience Ã  nos cÃ´tÃ©s. Nous vous invitons Ã  nous contacter si vous avez la moindre question concernant lâ€™utilisation de votre compte Qonto. Bonne journÃ©e. â˜€ï¸",0.0,,2024-02-09,https://www.trustpilot.com/review/qonto.com?page=11,30,14-09-2024,0,0,0,0,2024,2,9,,40,1,0,,0,0,simple et rapidebon support via le tchat,fr
bank,BritlineÂ ,David Pinnegar,If only all banks were like Britline,If only all banks were like Britline. In every way Britline scores and as British with interests in France we're extremely lucky to have such a service. Superb.,,0.0,,2024-04-03,https://www.trustpilot.com/review/britline.com?page=5,6,14-09-2024,0,0,0,0,2024,4,3,,160,7,4,',0,0,if only all banks were like britline. in every way britline scores and as british with interests in france we're extremely lucky to have such a service. superb.,en
bank,BritlineÂ ,Fracus Poorly,Ace!,"Have been a Credit Agricole Britline Customer for a number of years. I have always found them to be helpful, efficient and good value. Frankly, as an ex-pat I don't know how I would have managed without them. Love the service.",,0.0,,2024-05-20,https://www.trustpilot.com/review/britline.com?page=3,6,14-09-2024,0,0,0,0,2024,5,20,,226,10,8,-',0,0,"have been a credit agricole britline customer for a number of years. i have always found them to be helpful, efficient and good value. frankly, as an ex pat i don't know how i would have managed without them. love the service.",en
bank,FortuneoÂ ,ALEXANDRE COUDERT,Long temps d attente,"Attente longue , explication pas claire, solution  non trouvÃ©e","Bonjour,Nous sommes navrÃ©s d'apprendre que vous avez trouvÃ© l'attente trop longue pour joindre nos conseillers. Nous mettons cependant tout en Å“uvre pour qu'ils soient accessibles Ã  toute heure sans pour autant diminuer notre qualitÃ© de service et la protection des donnÃ©es personnelles de nos clients. Votre avis compte, pour nous permettre de mieux vous rÃ©pondre nous vous invitons Ã  formuler une rÃ©clamation par e-mail en utilisant le formulaire disponible sur votre Â« AccÃ¨s Client Â», rubrique Â« Nous contacter Â». SÃ©lectionnez le motif ""Formuler une rÃ©clamation"". Cordialement,Lâ€™Ã‰quipe Fortuneo.",0.0,,2024-02-05,https://www.trustpilot.com/review/fortuneo.fr?page=4,10,14-09-2024,0,0,0,0,2024,2,5,,62,1,2,,0,0,"attente longue , explication pas claire, solution non trouvÃ©e",fr
bank,Orange BankÂ ,Sandrine Cazes,Patrick le commerciale de la boutiqueâ€¦,Patrick le commerciale de la boutique orange Pamiers 09 est en or !!,Bonjour Sandrine. Merci de votre Ã©logieux sur le conseiller boutique. Nous allons le lui transmettre. Nous vous souhaitons une bonne journÃ©e.,0.0,,2020-11-26,https://www.trustpilot.com/review/orangebank.fr?page=40,41,14-09-2024,0,0,0,0,2020,11,26,,68,2,2,,0,0,patrick le commerciale de la boutique orange pamiers 09 est en or,fr
bank,Orange BankÂ ,Sabrina  Chakrouni,Top!,Vraiment Top!,"Bonjour Sabrina,Nous vous remercions dâ€™avoir pris le temps de nous laisser un message et sommes ravis de lire votre satisfaction.A bientÃ´t,Philippe",0.0,,2022-03-31,https://www.trustpilot.com/review/orangebank.fr?page=30,41,14-09-2024,0,0,0,0,2022,3,31,,13,2,1,,0,0,vraiment top,fr
bank,01 Banque en LigneÂ ,Daulet Iskakov,Claire et simple," November 17, 2019",,0.0,,2019-11-17,https://www.trustpilot.com/review/01banque-en-ligne.fr?page=3,3,14-09-2024,0,0,0,0,2019,11,17,,18,1,1,,0,0,"november 17, 2019",no
bank,Younited CreditÂ ,client(e),satisfait,"satisfait, simple",,0.0,,2020-08-17,https://www.trustpilot.com/review/www.younited-credit.com?page=20,38,14-09-2024,1,0,0,0,2020,8,17,,17,0,1,,0,0,"satisfait, simple",fr
bank,AnytimeÂ ,JOSE MANUEL JOSE MANUEL,bon service,bon service et gentilesse,"Bonjour Jose, Merci pour ce retour d'expÃ©rience.Ã€ trÃ¨s bientÃ´t, Jennifer - Anytime.",0.0,,2021-10-28,https://www.trustpilot.com/review/anyti.me?page=8,14,14-09-2024,0,0,0,0,2021,10,28,,25,0,0,,0,0,bon service et gentilesse,fr
bank,Younited CreditÂ ,Mims,Rapide et efficace,Rapide et efficace. Merci Younited !,"Bonjour,Nous sommes enchantÃ©s de vous lire et ravis dâ€™avoir contribuÃ© Ã  la rÃ©alisation de votre projet.Bienvenue chez Younited.Excellente journÃ©e,Diane",0.0,,2022-06-19,https://www.trustpilot.com/review/www.younited-credit.com?page=7,38,14-09-2024,1,0,0,0,2022,6,19,,36,3,2,,0,0,rapide et efficace. merci younited,fr
bank,SumeriaÂ ,Ivan,Super application merci," January 31, 2024",,0.0,,2024-02-05,https://www.trustpilot.com/review/sumeria.eu?page=9,51,14-09-2024,1,0,0,0,2024,2,5,,17,1,1,,0,0,"january 31, 2024",id
bank,Cofidis - O Cr&eacute;dito Por TelefoneÂ ,philippe Blettner,COFIDIS toujours Ã  l Ã©coute,COFIDIS toujours Ã  l Ã©coute. Excellent organisme de credit,,0.0,,2022-11-03,https://www.trustpilot.com/review/cofidis.pt?page=2,6,14-09-2024,0,0,0,0,2022,11,3,,58,8,1,,0,0,cofidis toujours Ã  l Ã©coute. excellent organisme de credit,fr
bank,Hello bank! FranceÂ ,S.R,Got shooed away,"Orange bank was about to close, Hello Bank was then suggested as an alternative.My partner has a residence in France but does not speak English. The advisor I had on the phone said communication would be a problem, thus it would be better for him to open an account in one of their offices. Sounds to me more like passing along a ""problem"" he doesn't want to deal with. When told we were opening an account upon the recommendation of Orange Bank, he broke the number 1 rule of sales personnel. He said and get this, you are not obliged to open an account with us, it was only a recommendation. Bad vibes started from the message he left on my mobile. I played it 4 times to try to catch the name of the company. Never mentioned. This holds truth, one who can't handle small tasks, cannot achieve excellence anywhere.","Hello S.R,We are sorry to read about this situation. We are indeed a french bank and even if some of our advisors can speak a little english, we do not provide a full english service. The advisor suggested your partner to open an account with BNP Paribas which is our main company and which provide international services and english speaking advisors.Here's the link to follow : https://mabanque.bnpparibas/en/homeWe wish you the best and a nice day.Michael",0.0,,2024-05-02,https://www.trustpilot.com/review/hellobank.fr?page=2,4,14-09-2024,0,0,0,0,2024,5,2,,816,17,21,"""""''",0,0,"orange bank was about to close, hello bank was then suggested as an alternative.my partner has a residence in france but does not speak english. the advisor i had on the phone said communication would be a problem, thus it would be better for him to open an account in one of their offices. sounds to me more like passing along a problem he doesn't want to deal with. when told we were opening an account upon the recommendation of orange bank, he broke the number 1 rule of sales personnel. he said and get this, you are not obliged to open an account with us, it was only a recommendation. bad vibes started from the message he left on my mobile. i played it 4 times to try to catch the name of the company. never mentioned. this holds truth, one who can't handle small tasks, cannot achieve excellence anywhere.",en
bank,Younited CreditÂ ,cliente,Action rÃ©action !," February 13, 2023","Bonjour,Nous vous remercions d'avoir pris le temps de nous laisser un message.Nous sommes ravis d'avoir pu vous accompagner dans votre projet.Excellente journÃ©e,Amori",0.0,,2023-02-22,https://www.trustpilot.com/review/www.younited-credit.com?page=9,38,14-09-2024,1,0,0,0,2023,2,22,,18,1,1,,0,0,"february 13, 2023",en
bank,Younited CreditÂ ,Gerard MAUCCI,Simple est efficace," June 23, 2021",,0.0,,2021-06-23,https://www.trustpilot.com/review/www.younited-credit.com?page=17,38,14-09-2024,1,0,0,0,2021,6,23,,14,1,1,,0,0,"june 23, 2021",et
bank,Younited CreditÂ ,Sall,Procedure top,"Procedure top, simple et rapide.Tt est nickel. A part les interets qui sont Ã©levÃ©s","Bonjour,Â Nous vous remercions pour votre commentaire et sommes navrÃ©s de lire que vous n'Ãªtes pas pleinement satisfait de votre expÃ©rience Younited.Le taux dâ€™intÃ©rÃªt dÃ©pend du montant empruntÃ©, de la durÃ©e, et de votre situation personnelle que vous avez renseignÃ© lors de la simulation de votre demande crÃ©dit.Chez Younited, nous nous efforÃ§ons de proposer des financements Ã  des taux compÃ©titifs afin de pouvoir accompagner tous nos clients dans leurs projets.Â Merci dâ€™avoir pris le temps de nous faire un retour sur votre expÃ©rience auprÃ¨s de Younited.Excellente journÃ©e,Tracy",0.0,,2023-05-30,https://www.trustpilot.com/review/www.younited-credit.com?page=2,38,14-09-2024,1,0,0,0,2023,5,30,,82,3,3,,0,0,"procedure top, simple et rapide.tt est nickel. a part les interets qui sont Ã©levÃ©s",fr
bank,Younited CreditÂ ,Erick,tres content de Younited personnelâ€¦,tres content de Younited personnel agreable Ã  l'Ã©coute et de bon conseil,"Bonjour   Monsieur,Nous vous remercions dâ€™avoir pris le temps de nous laisser un message et sommes ravis de lire que vous Ãªtre pleinement satisfait de votre expÃ©rience Younited.Excellente journÃ©e,DIANE de l'Ã©quipe Younited Credit",0.0,,2021-08-23,https://www.trustpilot.com/review/www.younited-credit.com?page=16,38,14-09-2024,1,0,0,0,2021,8,23,,72,1,1,',0,0,tres content de younited personnel agreable Ã  l'Ã©coute et de bon conseil,fr
bank,Younited CreditÂ ,michel,Conforme en tous points Ã  l'engagementâ€¦,Conforme en tous points Ã  l'engagement prÃ©vu. Rien Ã  redire !,,0.0,,2021-11-03,https://www.trustpilot.com/review/www.younited-credit.com?page=15,38,14-09-2024,1,0,0,0,2021,11,3,,61,2,3,',0,0,conforme en tous points Ã  l'engagement prÃ©vu. rien Ã  redire,fr
bank,FortuneoÂ ,MOHAMED MELKI,Good experience," January 10, 2024","Bonjour, Merci pour votre commentaire et votre confiance en Fortuneo. Nous sommes heureux de voir que nous avons pu rÃ©pondre Ã  vos besoins et de savoir que vous avez Ã©tÃ© satisfait de nos services. TrÃ¨s bonne journÃ©e, Lâ€™Ã‰quipe Fortuneo.",0.0,,2024-03-04,https://www.trustpilot.com/review/fortuneo.fr?page=9,10,14-09-2024,0,0,0,0,2024,3,4,,17,1,1,,0,0,"january 10, 2024",id
bank,Younited CreditÂ ,Dimitri,Simple et rapide !," July 21, 2021","Bonjour Monsieur,Nous sommes enchantÃ©s de vous lire et ravis dâ€™avoir contribuÃ© Ã  la rÃ©alisation de votre projet de trÃ©sorerie.Bienvenue chez Younited. Excellente journÃ©e, Hassan de l'Ã©quipe Younited Credit",0.0,,2021-07-26,https://www.trustpilot.com/review/www.younited-credit.com?page=17,38,14-09-2024,1,0,0,0,2021,7,26,,14,1,1,,0,0,"july 21, 2021",fi
bank,SumeriaÂ ,Nicolas,Jâ€™adore,Jâ€™adore !!! Câ€™est super,Nous adorons Ã©galement les retours comme les vÃ´tres ! ğŸ¤© Merci beaucoup ! Ã€ bientÃ´t - L'Ã©quipe Lydia,0.0,,2022-05-05,https://www.trustpilot.com/review/sumeria.eu?page=46,51,14-09-2024,1,0,0,0,2022,5,5,,23,2,5,â€™â€™,0,0,j adore c est super,es
bank,Cofidis - O Cr&eacute;dito Por TelefoneÂ ,ISABELLE,EfficacitÃ© et confiance mutuelle,TrÃ¨s bonne relation client. Suivi du dÃ©but a la conclusion du prÃªt; DÃ©lais respectÃ©s pour le versement des fonds. RÃ©ception des documents virtuels et papier par courrier. On se sent respectÃ©.,,0.0,,2022-11-06,https://www.trustpilot.com/review/cofidis.pt?page=1,6,14-09-2024,0,0,0,0,2022,11,6,,191,5,5,;,0,0,trÃ¨s bonne relation client. suivi du dÃ©but a la conclusion du prÃªt; dÃ©lais respectÃ©s pour le versement des fonds. rÃ©ception des documents virtuels et papier par courrier. on se sent respectÃ©.,fr
bank,QontoÂ ,Silman,Excellent service!," November 07, 2019",Merci beaucoup pour ce joli retour! ğŸ’œ,0.0,,2019-11-07,https://www.trustpilot.com/review/qonto.com?page=29,30,14-09-2024,0,0,0,0,2019,11,7,,18,1,1,,0,0,"november 07, 2019",no
bank,la NefÂ ,M. GUILLEUX Antoine,La banque franÃ§aise la plus Ã©thique !," June 06, 2024",,0.0,,2024-06-06,https://www.trustpilot.com/review/www.lanef.com?page=6,6,14-09-2024,0,0,0,0,2024,6,6,,14,1,1,,0,0,"june 06, 2024",fr
bank,CofidisÂ ,JUANITA DUPORT,interlocuteurs Ã  l 'Ã©coute," February 12, 2023",Bonjour Juanita. RÃ©pondre Ã  votre demande de la meilleure maniÃ¨re possible est une prioritÃ© pour nos conseillers ! Nous restons Ã  votre disposition pour toutes vos futures demandes. Passez une bonne journÃ©e ! Valentin de l'Ã©quipe Cofidis,0.0,,2023-03-13,https://www.trustpilot.com/review/cofidis.fr?page=9,17,14-09-2024,0,0,0,0,2023,3,13,,18,1,1,,0,0,"february 12, 2023",en
bank,Younited CreditÂ ,Aurelien,Efficace,"Simple, rapide, efficace. Des interlocuteurs Ã  l'Ã©coute. Je recommande vivement.",,0.0,,2018-10-23,https://www.trustpilot.com/review/www.younited-credit.com?page=28,38,14-09-2024,1,0,0,0,2018,10,23,,80,3,6,',0,0,"simple, rapide, efficace. des interlocuteurs Ã  l'Ã©coute. je recommande vivement.",fr
bank,SumeriaÂ ,Vidic,Topp,"Top, service impeccable Je mâ€™en sers au quotidien",,0.0,,2022-05-14,https://www.trustpilot.com/review/sumeria.eu?page=44,51,14-09-2024,1,0,0,0,2022,5,14,,49,2,2,â€™,0,0,"top, service impeccable je m en sers au quotidien",fr
bank,Younited CreditÂ ,CK,Service au top.,Service au top!,"Bonjour**,**Nous vous remercions dâ€™avoir pris le temps de nous laisser un message et sommes ravis de lire que vous Ãªtre pleinement satisfait de votre expÃ©rience Younited.Excellente journÃ©e,Diane",0.0,,2022-06-29,https://www.trustpilot.com/review/www.younited-credit.com?page=9,38,14-09-2024,1,0,0,0,2022,6,29,,15,1,1,,0,0,service au top,ro
bank,Younited CreditÂ ,HERNANDEZ,Outstanding / no comment," February 10, 2018","Bonjour Monsieur HERNANDEZ.Nous sommes ravis de lire que vous Ãªtes pleinement satisfait de votre expÃ©rience Younited et sommes heureux de vous compter parmi nos clients.Excellente journÃ©e,l'Ã©quipe Younited Credit",0.0,,2018-02-10,https://www.trustpilot.com/review/www.younited-credit.com?page=31,38,14-09-2024,0,0,0,0,2018,2,10,,18,1,1,,0,0,"february 10, 2018",en
bank,FloabankÂ ,Monsieur,Bonne application," June 23, 2021",,0.0,,2021-06-23,https://www.trustpilot.com/review/floabank.fr?page=4,5,14-09-2024,0,0,0,0,2021,6,23,,14,1,1,,0,0,"june 23, 2021",fr
bank,SumeriaÂ ,Melissa Khadijatou,Parfait excellent," May 14, 2022",,0.0,,2022-05-14,https://www.trustpilot.com/review/sumeria.eu?page=44,51,14-09-2024,1,0,0,0,2022,5,14,,13,1,1,,0,0,"may 14, 2022",tl
bank,BoursoBankÂ ,Nilay K,Good,GoodVery good,,0.0,,2024-06-13,https://www.trustpilot.com/review/boursobank.com?page=8,10,14-09-2024,0,0,0,0,2024,6,13,,13,2,0,,0,0,goodvery good,so
bank,Orange BankÂ ,Muriel Rose,"Humanisme, patience, efficacitÃ©",EfficacitÃ© totale,"Bonjour Muriel,A l'instar de la devise franÃ§aise, je pense que nous allons adopter la votre pour le service client Orange Bank et l'inscrire en lettres d'or quelque part dans le dÃ©cor.âœ¨ ""Humanisme, Patience, EfficacitÃ©""âœ¨Merci pour cet avis d'une efficacitÃ© Ã©galement totale .Bonne journÃ©e Romain",0.0,,2023-04-20,https://www.trustpilot.com/review/orangebank.fr?page=9,41,14-09-2024,0,0,0,0,2023,4,20,,17,1,0,,0,0,efficacitÃ© totale,fr
bank,CofidisÂ ,Lionel Assepo;,Contact rapide et efficace," October 24, 2022",Bonjour Lionel. Merci pour votre retour. A trÃ¨s bientÃ´t chez Cofidis ! LaÃ©titia l de l'Ã©quipe Cofidis.,0.0,,2022-10-24,https://www.trustpilot.com/review/cofidis.fr?page=4,17,14-09-2024,0,0,0,0,2022,10,24,,17,1,1,,0,0,"october 24, 2022",sv
bank,QontoÂ ,Marc,Simple,Simple - Efficace - Merci,"Bonjour Marc, nous vous remercions pour votre soutien prÃ©cieux! Nous attachons beaucoup dâ€™importance aux retours clients comme le votre et en ce sens, nous aimerions savoir ce quâ€™il manque pour obtenir votre 5Ã¨me â­ï¸ ?Nâ€™hÃ©sitez pas Ã  nous Ã©crire sur notre e-mail dÃ©diÃ© : happyclients@qonto.comâ€¨â€¨TrÃ¨s bonne journÃ©e!",0.0,,2021-07-07,https://www.trustpilot.com/review/qonto.com?page=25,30,14-09-2024,0,0,0,0,2021,7,7,,25,3,2,--,0,0,simple efficace merci,it
bank,CofidisÂ ,Anton,TrÃ¨s bon attention aux clients,TrÃ¨s bon attention aux clients. Je recommande vivement,Bonjour Anton. Merci pour votre commentaire et votre note 5 Ã©toiles ! ğŸ¤© A bientÃ´t. Isabelle de l'Ã©quipe Cofidis.,0.0,,2024-07-09,https://www.trustpilot.com/review/cofidis.fr?page=1,17,14-09-2024,0,0,0,0,2024,7,9,,54,2,1,,0,0,trÃ¨s bon attention aux clients. je recommande vivement,fr
bank,Orange BankÂ ,Jerome,Demande de documents,Simple et rapide.,"Bonjour Jerome,Ravi d'avoir pu vous aider de faÃ§on prÃ©cise et rapide.Nous restons Ã  disposition si nÃ©cessaire.A bientÃ´t,Philippe",0.0,,2022-03-24,https://www.trustpilot.com/review/orangebank.fr?page=32,41,14-09-2024,0,0,0,0,2022,3,24,,17,1,1,,0,0,simple et rapide.,fr
bank,QontoÂ ,Marc Juda Temin,REACTIVITE DANS LES QUESTIONS DEMANDEES,REACTIVITE DANS LES QUESTIONS DEMANDEES,"Bonjour Marc, Nous sommes ravis de lire que notre service client vous apporte entiÃ¨re satisfaction. ğŸ˜Š Nous sommes Ã  votre disposition si vous avez la moindre question. TrÃ¨s belle journÃ©e ! â˜€ï¸",0.0,,2024-04-05,https://www.trustpilot.com/review/qonto.com?page=8,30,14-09-2024,0,0,0,0,2024,4,5,,39,35,0,,0,0,reactivite dans les questions demandees,fr
bank,SumeriaÂ ,Pierre,Top!,Hyper pratique,,0.0,,2022-05-31,https://www.trustpilot.com/review/sumeria.eu?page=42,51,14-09-2024,1,0,0,0,2022,5,31,,14,1,0,,0,0,hyper pratique,fr
bank,Orange BankÂ ,BAUDRY Eric,Satisfait du service Orange," September 28, 2023",Merci Eric d'avoir pris le temps de venir nous en faire part ici et d'aussi belle faÃ§on (5âœ¨),0.0,,2023-10-27,https://www.trustpilot.com/review/orangebank.fr?page=7,41,14-09-2024,0,0,0,0,2023,10,27,,19,1,1,,0,0,"september 28, 2023",sv
bank,QontoÂ ,Frank Hodyjas,easy to handle,easy to handlesaves accounting work,"Hello Frank,We are happy to hear that you like our product and would recommend it. Thank you for the positive comment. ğŸ™",0.0,,2024-08-21,https://www.trustpilot.com/review/qonto.com?page=3,30,14-09-2024,0,0,0,0,2024,8,21,,35,0,0,,0,0,easy to handlesaves accounting work,en
bank,Younited CreditÂ ,LOUIS,Service impeccable," June 26, 2017",,0.0,,2017-06-26,https://www.trustpilot.com/review/www.younited-credit.com?page=35,38,14-09-2024,0,0,0,0,2017,6,26,,14,1,1,,0,0,"june 26, 2017",fr
bank,Orange BankÂ ,Nicolas,Excellent service," April 22, 2022","Bonjour Nicolas, Merci pour ce retour qui en dit long. Nous sommes heureux de vous savoir satisfait de nos services. Une bonne journÃ©e, Elodie.",0.0,,2022-04-22,https://www.trustpilot.com/review/orangebank.fr?page=26,41,14-09-2024,0,0,0,0,2022,4,22,,15,1,1,,0,0,"april 22, 2022",ro
bank,PixpayÂ ,Nadia Bittame,Simple,"Simple, rapide et efficace",,0.0,,2021-10-13,https://www.trustpilot.com/review/pixpay.eu?page=11,13,14-09-2024,0,0,0,0,2021,10,13,,26,1,1,,0,0,"simple, rapide et efficace",fr
bank,SumeriaÂ ,Ophelie,Super application rien a direâ€¦,Super application rien a dire absolument rien,,0.0,,2022-06-05,https://www.trustpilot.com/review/sumeria.eu?page=41,51,14-09-2024,1,0,0,0,2022,6,5,,45,1,0,,0,0,super application rien a dire absolument rien,it
bank,SumeriaÂ ,Mickael,Best money app,Love Lydia! Been using for the past 4 years,,0.0,,2022-07-22,https://www.trustpilot.com/review/sumeria.eu?page=34,51,14-09-2024,1,0,0,0,2022,7,22,,43,3,1,,0,0,love lydia been using for the past 4 years,en
bank,SumeriaÂ ,karim,Top rien Ã  dire bravo !," October 02, 2022",,0.0,,2022-10-02,https://www.trustpilot.com/review/sumeria.eu?page=26,51,14-09-2024,1,0,0,0,2022,10,2,,17,1,1,,0,0,"october 02, 2022",sv
bank,QontoÂ ,HJ Normey,This bank *solves* problems for your business,"This bank *solves* problems for your business, does not *create* them ...... fast, agile, yet serious. Best of both the neobanking and regular banking world.-Outstanding so far. Seamless onboarding.-","Hello HJ Normey, Thank you so much for your feedback! Feel free to contact us at happyclients@qonto.com if you have any questions; weâ€™re always happy to help you! Have a lovely day. â˜€ï¸",0.0,,2023-07-04,https://www.trustpilot.com/review/qonto.com?page=14,30,14-09-2024,0,0,0,0,2023,7,4,,199,4,19,****--,0,0,"this bank solves problems for your business, does not create them ...... fast, agile, yet serious. best of both the neobanking and regular banking world. outstanding so far. seamless onboarding.",en
bank,SumeriaÂ ,Audrey,TrÃ¨s contente de leur service,Super application,,0.0,,2022-08-26,https://www.trustpilot.com/review/sumeria.eu?page=29,51,14-09-2024,1,0,0,0,2022,8,26,,17,1,0,,0,0,super application,it
bank,PixpayÂ ,Sakina Malki,Super pratique," April 07, 2021","Merci pour ce message Sakina â­A trÃ¨s bientÃ´t,Emma",0.0,,2021-04-07,https://www.trustpilot.com/review/pixpay.eu?page=13,13,14-09-2024,0,0,0,0,2021,4,7,,15,1,1,,0,0,"april 07, 2021",ro
bank,QontoÂ ,Catalina,Great live chat service!," August 01, 2024","Hello Catalina,Thank you, we are all thrilled to read that our customer service has fully met your expectations. ğŸ’ªHave a great day. â˜€ï¸",0.0,,2024-08-01,https://www.trustpilot.com/review/qonto.com?page=5,30,14-09-2024,0,0,0,0,2024,8,1,,16,1,1,,0,0,"august 01, 2024",et
bank,ShineÂ ,Antony,Simple et efficace," April 10, 2023",,0.0,,2023-04-11,https://www.trustpilot.com/review/shine.fr?page=2,6,14-09-2024,1,0,0,0,2023,4,11,,15,1,1,,0,0,"april 10, 2023",ro
bank,PixpayÂ ,Client,Service au top,Service au top. Excellente appli. ImmÃ©diatement adoptÃ©e par les parents et l'ado ;)#Happyusers #keeponthegoodwork,"Merci Ã  vous pour ce message, ravie que toute la famille ait adoptÃ© Pixpay !#superclient #merci A trÃ¨s vite,Rebecca",0.0,,2021-09-02,https://www.trustpilot.com/review/pixpay.eu?page=11,13,14-09-2024,0,0,0,0,2021,9,2,,113,4,7,';)##,0,0,service au top. excellente appli. immÃ©diatement adoptÃ©e par les parents et l'ado ; happyusers keeponthegoodwork,fr
bank,QontoÂ ,Yanis Dilukeba,Excellent.," June 08, 2024","Bonjour Yanis, nous vous remercions pour votre soutien prÃ©cieux ! ğŸ¤©",0.0,,2024-06-08,https://www.trustpilot.com/review/qonto.com?page=10,30,14-09-2024,0,0,0,0,2024,6,8,,14,1,1,,0,0,"june 08, 2024",fr
bank,Cofidis - O Cr&eacute;dito Por TelefoneÂ ,FRANCK MANSO,je suis satisfait du prÃªt,"je suis satisfait du prÃªt , cela s'est fait assez rapidement et simplementmerci",,0.0,,2022-10-25,https://www.trustpilot.com/review/cofidis.pt?page=2,6,14-09-2024,0,0,0,0,2022,10,25,,79,0,2,',0,0,"je suis satisfait du prÃªt , cela s'est fait assez rapidement et simplementmerci",fr
bank,SumeriaÂ ,Milande,It should be 0,It should be 0! They are wasting my time. They do not want to give my money back. The customer service is rubbish. You can not talk to someone on the phone. You have to deal with many emails for nothing. They are asking for IBAN and adding more processes than it was supposed to be! It's unbelievable,,0.0,,2023-10-09,https://www.trustpilot.com/review/sumeria.eu?page=11,51,14-09-2024,0,0,0,0,2023,10,9,,300,12,8,',0,0,it should be 0 they are wasting my time. they do not want to give my money back. the customer service is rubbish. you can not talk to someone on the phone. you have to deal with many emails for nothing. they are asking for iban and adding more processes than it was supposed to be it's unbelievable,en
bank,Orange BankÂ ,Helene,Service client au top," December 30, 2022","Bonjour HÃ©lÃ©ne, Nos clients sont au top ! Une bonne journÃ©eFrancis",0.0,,2022-12-31,https://www.trustpilot.com/review/orangebank.fr?page=7,41,14-09-2024,0,0,0,0,2022,12,31,,18,1,1,,0,0,"december 30, 2022",nl
bank,Orange BankÂ ,AD,Gggggggggggg," April 24, 2022","Bonjour ,Nous ne sommes pas sÃ»r de bien comprendre mais merci pour cette belle note ğŸ˜‰A bientÃ´t , Vanessa",0.0,,2022-04-24,https://www.trustpilot.com/review/orangebank.fr?page=24,41,14-09-2024,0,0,0,0,2022,4,24,,15,1,1,,0,0,"april 24, 2022",ro
bank,Orange BankÂ ,Dj Paxton,cool,bonne news letter,"Bonjour, Merci de votre abonnement Ã  notre newsletter. Ne pas hÃ©siter Ã  consulter le site internet orangebank.fr pour obtenir les derniÃ¨res actus/promos. Une bonne journÃ©eFrancis",0.0,,2023-06-30,https://www.trustpilot.com/review/orangebank.fr?page=3,41,14-09-2024,0,0,0,0,2023,6,30,,17,0,0,,0,0,bonne news letter,no
bank,SumeriaÂ ,Marc,Top !,Top ! Vraiment top,,0.0,,2022-05-31,https://www.trustpilot.com/review/sumeria.eu?page=42,51,14-09-2024,1,0,0,0,2022,5,31,,18,2,1,,0,0,top vraiment top,en
bank,Orange BankÂ ,Philippe,Nickel au top," August 05, 2022","Bonjour Philippe,Nous vous remercions dâ€™avoir pris le temps de nous laisser un message et sommes ravis de lire que vous Ãªtes pleinement satisfait de votre expÃ©rience Orange Bank ğŸ˜Šâ€‹A bientÃ´t,Philippe",0.0,,2022-08-05,https://www.trustpilot.com/review/orangebank.fr?page=14,41,14-09-2024,0,0,0,0,2022,8,5,,16,1,1,,0,0,"august 05, 2022",et
bank,Orange BankÂ ,Boissel,Excellente application," April 21, 2022","Bonjour,Câ€™est un plaisir de lire tout le succÃ¨s que rencontre notre application.Merci encore pour ce message ğŸ¤—Nous restons Ã  votre disposition si besoin.A bientÃ´t,Philippe",0.0,,2022-04-21,https://www.trustpilot.com/review/orangebank.fr?page=26,41,14-09-2024,0,0,0,0,2022,4,21,,15,1,1,,0,0,"april 21, 2022",ro
bank,BritlineÂ ,Mark,CA Britline - English speaking French Banking,"CrÃ©dit Agricole Britline have been great in helping me navigate the French Banking system which is very different from the UK. Their app is easy to use and they have been helpful in arranging insurances as well. If you need English speaking advice from a French Bank Britline hits the spot with their personal bankers.CrÃ©dit Agricole Britline m'a beaucoup aidÃ© Ã  m'y retrouver dans le systÃ¨me bancaire franÃ§ais qui est trÃ¨s diffÃ©rent de celui du Royaume-Uni. Leur application est facile Ã  utiliser et ils m'ont aidÃ© Ã  souscrire des assurances. Si vous avez besoin de conseils en anglais de la part d'une banque franÃ§aise, Britline fait l'affaire avec ses banquiers personnels.",,0.0,,2023-12-11,https://www.trustpilot.com/review/britline.com?page=1,6,14-09-2024,0,0,0,0,2023,12,11,,676,21,13,''-''',0,0,"crÃ©dit agricole britline have been great in helping me navigate the french banking system which is very different from the uk. their app is easy to use and they have been helpful in arranging insurances as well. if you need english speaking advice from a french bank britline hits the spot with their personal bankers.crÃ©dit agricole britline m'a beaucoup aidÃ© Ã  m'y retrouver dans le systÃ¨me bancaire franÃ§ais qui est trÃ¨s diffÃ©rent de celui du royaume uni. leur application est facile Ã  utiliser et ils m'ont aidÃ© Ã  souscrire des assurances. si vous avez besoin de conseils en anglais de la part d'une banque franÃ§aise, britline fait l'affaire avec ses banquiers personnels.",fr
bank,FortuneoÂ ,Matthieu,TrÃ¨s bon contact,"TrÃ¨s bon contact, l'application est nickel et la sÃ©curitÃ© top",,0.0,,2023-03-20,https://www.trustpilot.com/review/fortuneo.fr?page=3,10,14-09-2024,0,0,0,0,2023,3,20,,61,1,2,',0,0,"trÃ¨s bon contact, l'application est nickel et la sÃ©curitÃ© top",fr
bank,FloabankÂ ,Kaz Slayers,Nickel lâ€™echange," August 19, 2023","Bonjour Kaz Slayers,Je vous remercie de votre compliment ! Je vais personnellement faire passer votre message aÌ€ mon Ã©quipe qui est mobilisÃ©e chaque jour pour vous satisfaire. Câ€™est une information prÃ©cieuse qui nous encourage Ã  continuer dans ce sens ! Au plaisir dâ€™Ã©changer avec vous.Votre conseiller clientÃ¨le FLOA Bank.",0.0,,2023-08-19,https://www.trustpilot.com/review/floabank.fr?page=1,5,14-09-2024,0,0,0,0,2023,8,19,,16,1,1,,0,0,"august 19, 2023",et
bank,SumeriaÂ ,Fortune,Too many unnecessary charges,"Too many unnecessary charges, charges me all the time when I accidentally activate wallet without even asking if I attempted to make a payment , for example Iâ€™ll accidentally press buttons while I sleep",,0.0,,2023-05-27,https://www.trustpilot.com/review/sumeria.eu?page=18,51,14-09-2024,1,0,0,0,2023,5,27,,202,5,3,â€™,0,0,"too many unnecessary charges, charges me all the time when i accidentally activate wallet without even asking if i attempted to make a payment , for example i ll accidentally press buttons while i sleep",en
bank,Ma French BankÂ ,GÃ©rard,Pratique et simple," June 30, 2022","Bonjour,Votre commentaire nous va droit au cÅ“ur ! Heureux de vous savoir ravi par les services de Ma French Bank. Passez une belle journÃ©e ! L'Ã©quipe Ma French Bank",0.0,,2022-06-30,https://www.trustpilot.com/review/www.mafrenchbank.fr?page=4,5,14-09-2024,0,0,0,0,2022,6,30,,14,1,1,,0,0,"june 30, 2022",fr
bank,SumeriaÂ ,Cliente,Too many bugs!,"The application has many bugs that make it not reliable as a bank account.  It can be used for small quantities of money but a more reliable back up system is necessary in many cases.(Impossible to show the data of the credit cards when needed, failures to request money to people without a Lydia account...)",,0.0,,2022-07-05,https://www.trustpilot.com/review/sumeria.eu?page=36,51,14-09-2024,1,0,0,0,2022,7,5,,308,4,8,(),0,0,"the application has many bugs that make it not reliable as a bank account. it can be used for small quantities of money but a more reliable back up system is necessary in many cases. impossible to show the data of the credit cards when needed, failures to request money to people without a lydia account...",en
bank,propulsebyca.frÂ ,Ioan T.,TrÃ¨s bon service," November 17, 2023","Bonjour Ioan, Merci de votre retour. Nous sommes ravis de pouvoir vous accompagner dans votre activitÃ©. Je vous souhaite une agrÃ©able journÃ©e. Lucie",0.0,,2023-11-17,https://www.trustpilot.com/review/propulsebyca.fr?page=1,2,14-09-2024,0,0,0,0,2023,11,17,,18,1,1,,0,0,"november 17, 2023",no
bank,BoursoBankÂ ,Amar S,My Most likely bank account,My Most likely bank account,"Bonjour Amar, Nous vous remercions pour votre commentaire. En effet, nous Å“uvrons quotidiennement Ã  satisfaire nos clients.Bonne journÃ©e, L'Ã©quipe BoursoBank",0.0,,2024-07-20,https://www.trustpilot.com/review/boursobank.com?page=4,10,14-09-2024,0,0,0,0,2024,7,20,,27,2,0,,0,0,my most likely bank account,en
bank,QontoÂ ,Bozidar Jelisavac,Perfect,"Perfect, top",Hi Bozidar!Thanks for your kind words! I wish you an amazing day!,0.0,,2022-11-14,https://www.trustpilot.com/review/qonto.com?page=19,30,14-09-2024,0,0,0,0,2022,11,14,,12,1,1,,0,0,"perfect, top",en
bank,PixpayÂ ,Susana Ferreira,Application trÃ¨s intuitive,"Application trÃ¨s intuitive, trÃ¨s pratique, et avec plein de options utiles.","Merci pour votre retour Susana ! En effet, Pixpay est bien plus qu'une carte de paiement. De nombreuses fonctionnalitÃ©s, comme le coffre-fort rÃ©munÃ©rÃ©, sont proposÃ©es aux ados afin d'adopter les bons rÃ©flexes de la gestion de l'argent de poche. Pratique n'est-ce pas ? ğŸ˜‰Sol-Iris de l'Ã©quipe Pixpay",0.0,,2024-06-11,https://www.trustpilot.com/review/pixpay.eu?page=1,13,14-09-2024,0,0,0,0,2024,6,11,,75,1,3,,0,0,"application trÃ¨s intuitive, trÃ¨s pratique, et avec plein de options utiles.",fr
bank,QontoÂ ,elsa etienne,Simple et efficace," December 26, 2022","Bonjour Elsa, merci beaucoup pour votre retour positif ! ğŸ˜Š Nous sommes Ã  votre disposition si vous avez la moindre question. TrÃ¨s belle journÃ©e ! â˜€ï¸",0.0,,2022-12-28,https://www.trustpilot.com/review/qonto.com?page=18,30,14-09-2024,0,0,0,0,2022,12,28,,18,1,1,,0,0,"december 26, 2022",nl
bank,CofidisÂ ,MAKUIZA KIMFUTA,Super service !," January 17, 2022","Bonjour MAKUIZA KIMFUTA,Merci pour votre retour. A trÃ¨s bientÃ´t chez Cofidis ! AÃ¯cha de l'Ã©quipe Cofidis.",0.0,,2022-01-17,https://www.trustpilot.com/review/cofidis.fr?page=9,17,14-09-2024,0,0,0,0,2022,1,17,,17,1,1,,0,0,"january 17, 2022",id
bank,Orange BankÂ ,Jean-David,pas terrible," May 04, 2022","Bonjour Jean-David,Merci d'avoir pris le temps de laisser votre avis sur notre page.Je suis sincÃ¨rement navrÃ©e pour ce retour d'expÃ©rience.Pouvez-vous m'en dire plus ? Afin de pouvoir vous recontacter et faire le point ensemble je vous invite Ã  m'Ã©crire sur webmaster@orangebank.fr.A bientÃ´tLÃ©a",0.0,,2022-05-04,https://www.trustpilot.com/review/orangebank.fr?page=22,41,14-09-2024,0,0,0,0,2022,5,4,,13,1,1,,0,0,"may 04, 2022",tl
bank,ImmoprÃªtÂ ,Jessica,Excellent service.," August 06, 2017",,0.0,,2017-08-06,https://www.trustpilot.com/review/immopret.fr?page=2,3,14-09-2024,1,0,0,0,2017,8,6,,16,1,1,,0,0,"august 06, 2017",et
bank,Orange BankÂ ,Delage,Simple efficace rapide," May 29, 2022","Bonjour David , Merci pour votre retour . Nous faisons en sorte de vous satisfaire au mieux chaque jour.A bientÃ´t , Vanessa",0.0,,2022-05-29,https://www.trustpilot.com/review/orangebank.fr?page=18,41,14-09-2024,0,0,0,0,2022,5,29,,13,1,1,,0,0,"may 29, 2022",tl
bank,CofidisÂ ,IULIANA IFTIME,Excellent communication,"Excellent communication, attentive Ã  notre besoin financier.Confirmation rapide et collaboration efficiente.","Bonjour IULIANA IFTIME, Merci pour votre commentaire, c'est un plaisir de pouvoir vous apporter satisfaction. Je vous souhaite une belle journÃ©e ! Annick de l'Ã©quipe Cofidis.",0.0,,2022-05-04,https://www.trustpilot.com/review/cofidis.fr?page=4,17,14-09-2024,0,0,0,0,2022,5,4,,108,2,3,,0,0,"excellent communication, attentive Ã  notre besoin financier.confirmation rapide et collaboration efficiente.",fr
bank,QontoÂ ,Bruno Fridlansky,Service clients impeccable.,Service clients impeccable.Application ergonomique.,Merci Bruno !Nous faisons tout notre possible pour offrir un service qui rÃ©ponde toujours Ã  tous vos besoins. â˜€ï¸,0.0,,2024-03-12,https://www.trustpilot.com/review/qonto.com?page=8,30,14-09-2024,0,0,0,0,2024,3,12,,51,2,2,,0,0,service clients impeccable.application ergonomique.,fr
bank,Orange BankÂ ,Patricia,Je quitte Ã  regret orange bank(pourâ€¦,"Je quitte Ã  regret orange bank(pour convenance personnelle-santÃ©-)Toujours bien accueillie, renseignÃ©e.... Mais je conseillerai Ã  l'occasion","Bonjour Patricia,C'est vraiment regrettable de ne plus vous compter parmi nos fidÃ¨les clients aprÃ¨s toutes ces annÃ©es.Merci encore pour votre commentaire et vos recommandations.Au plaisir,Philippe",0.0,,2022-03-21,https://www.trustpilot.com/review/orangebank.fr?page=32,41,14-09-2024,0,0,0,0,2022,3,21,,140,3,10,(--)',0,0,"je quitte Ã  regret orange bank pour convenance personnelle santÃ© toujours bien accueillie, renseignÃ©e.... mais je conseillerai Ã  l'occasion",fr
bank,ShineÂ ,anna,perfect experience,"perfect experience : easy to start, relevant information when needed","Good afternoon Anna,Thanks a lot for your message. Feel free to contact us via feedback@shine.fr if you have any request, our team is here for you ğŸ˜ŠHave a great day,Franck from Shine â˜€ï¸",0.0,,2021-12-18,https://www.trustpilot.com/review/shine.fr?page=3,6,14-09-2024,0,0,0,0,2021,12,18,,68,0,2,:,0,0,"perfect experience easy to start, relevant information when needed",en
bank,Younited CreditÂ ,M franÃ§ois GUYOT,SUPER SOCIETE DE CREDITS TRES REACTIVEâ€¦,SUPER SOCIETE DE CREDITS TRES REACTIVE sans problÃªmes merci pour votre pret accorde avec le moins d administratif possible,"Bonjour,Merci dâ€™avoir pris le temps de nous faire un retour sur votre expÃ©rience auprÃ¨s de Younited, et sommes ravis de lire que celle-ci sâ€™est bien passÃ©e.Nous nous efforÃ§ons dâ€™offrir Ã  nos clients un crÃ©dit aussi juste, simple et rapide que possible et sommes heureux dâ€™avoir pu vous en faire bÃ©nÃ©ficier.Excellente journÃ©e,Diane",0.0,,2023-07-28,https://www.trustpilot.com/review/www.younited-credit.com?page=1,38,14-09-2024,1,0,0,0,2023,7,28,,122,33,0,,0,0,super societe de credits tres reactive sans problÃªmes merci pour votre pret accorde avec le moins d administratif possible,fr
bank,PixpayÂ ,Eric NASZALYI,Top easy,Top facile et rapide,"Merci beaucoup Eric ğŸ™A bientÃ´t,Rebecca",0.0,,2021-06-10,https://www.trustpilot.com/review/pixpay.eu?page=12,13,14-09-2024,0,0,0,0,2021,6,10,,20,1,0,,0,0,top facile et rapide,fr
bank,CofidisÂ ,Jennifer,Efficace rapiditÃ©,Efficace rapiditÃ©. Satistaite,Rapide et efficace ! Enorme merci. ğŸ’ªğŸ» Je vous souhaite une agrÃ©able journÃ©e. RÃ©mi de l'Ã©quipe Cofidis.,0.0,,2020-12-29,https://www.trustpilot.com/review/cofidis.fr?page=16,17,14-09-2024,0,0,0,0,2020,12,29,,29,2,1,,0,0,efficace rapiditÃ©. satistaite,fr
bank,QontoÂ ,Modou Kane,Excellente application," March 08, 2024","Bonjour Modou, merci pour votre retour positif ! â€‹â€‹ğŸ˜",0.0,,2024-03-11,https://www.trustpilot.com/review/qonto.com?page=10,30,14-09-2024,0,0,0,0,2024,3,11,,15,1,1,,0,0,"march 08, 2024",cy
bank,ShineÂ ,Thomas,Simple et efficace," March 21, 2024",,0.0,,2024-03-28,https://www.trustpilot.com/review/shine.fr?page=2,6,14-09-2024,1,0,0,0,2024,3,28,,15,1,1,,0,0,"march 21, 2024",cy
bank,QontoÂ ,Amina,Top!!,Best online bank ever!,Merci beaucoup Amina! Nous sommes ravis de vous compter parmi nous ğŸ’œ,0.0,,2021-03-15,https://www.trustpilot.com/review/qonto.com?page=27,30,14-09-2024,0,0,0,0,2021,3,15,,22,1,1,,0,0,best online bank ever,da
bank,SumeriaÂ ,Roncey Sarah,The app is no perfect,"The app is no perfect. Sometimes there are bug. But, the team, is here to resolve the problems et answer our questions. Besides, they always improve the concept and the app.",Thanks for your feedback Sarah ! ğŸ˜€,0.0,,2019-08-16,https://www.trustpilot.com/review/sumeria.eu?page=50,51,14-09-2024,0,0,0,0,2019,8,16,,173,4,7,,0,0,"the app is no perfect. sometimes there are bug. but, the team, is here to resolve the problems et answer our questions. besides, they always improve the concept and the app.",en
bank,BlankÂ ,Mika,Super Banque,"Super Banque , super application, conseiller ultra rapide","Bonjour Mika, Toutes les Ã©quipes de Blank vous remercient d'avoir partagÃ© votre expÃ©rience avec nos services. Nous sommes ravis de vous apporter satisfaction et de pouvoir vous accompagner. Belle journÃ©e !Camille",0.0,,2023-12-07,https://www.trustpilot.com/review/blank.app?page=3,3,14-09-2024,0,0,0,0,2023,12,7,,57,2,2,,0,0,"super banque , super application, conseiller ultra rapide",fr
bank,SumeriaÂ ,Ouijjane,Au top no comment," May 18, 2022",,0.0,,2022-05-18,https://www.trustpilot.com/review/sumeria.eu?page=43,51,14-09-2024,1,0,0,0,2022,5,18,,13,1,1,,0,0,"may 18, 2022",tl
bank,SumeriaÂ ,Alexandre Vm,Easy to use,Easy to use. Fair fees. Nice conciergerie services follow ups nice card and app,,0.0,,2023-02-06,https://www.trustpilot.com/review/sumeria.eu?page=21,51,14-09-2024,1,0,0,0,2023,2,6,,79,3,2,,0,0,easy to use. fair fees. nice conciergerie services follow ups nice card and app,en
bank,Younited CreditÂ ,SYLVESTRE,APPRECIABLE," October 29, 2021","Bonjour Monsieur,Nous sommes enchantÃ©s de vous lire et ravis dâ€™avoir contribuÃ© Ã  la rÃ©alisation de votre projet . Bienvenue chez Younited. Excellente journÃ©e, SOFIANE de l'Ã©quipe Younited Credit",0.0,,2021-10-29,https://www.trustpilot.com/review/www.younited-credit.com?page=15,38,14-09-2024,1,0,0,0,2021,10,29,,17,1,1,,0,0,"october 29, 2021",sv
bank,KardÂ ,Valentin Caillon,Une nÃ©o-banque excellente performanteâ€¦,Une nÃ©o-banque excellente performante simple Ã  comprendre je recommande fortement.,"Hello ğŸ‘‹, Merci pour votre recommandation. NathanaÃ«l de Kard ğŸ’œ",0.0,,2024-03-13,https://www.trustpilot.com/review/kard.eu?page=1,2,14-09-2024,0,0,0,0,2024,3,13,,82,1,2,-,0,0,une nÃ©o banque excellente performante simple Ã  comprendre je recommande fortement.,fr
bank,SumeriaÂ ,Empanadas Chez Soi,Best French electronic wallet,Quick answers. Good value for money. Free basic app really useful for daily finance,,0.0,,2023-08-25,https://www.trustpilot.com/review/sumeria.eu?page=13,51,14-09-2024,1,0,0,0,2023,8,25,,83,3,2,,0,0,quick answers. good value for money. free basic app really useful for daily finance,en
bank,SumeriaÂ ,Xavier,Lydia app,Living & loving it So Far,,0.0,,2022-07-09,https://www.trustpilot.com/review/sumeria.eu?page=36,51,14-09-2024,1,0,0,0,2022,7,9,,25,3,1,&,0,0,living loving it so far,en
bank,QontoÂ ,Scott Mckenzie,Perfect bank!,"Qonto makes banking a pleasure. The website and mobile app make normal daily banking easy. At the same time, the UX provides insight into the growth of my business and expenses. Also, the integrations with other sites, help me quickly keep track of expenses and accounting.","Hello Scott,We can not thank you enough for the kind words about our services. ğŸ™ŒWe are very happy to count you among our customers. If you have any questions, please feel free to contact us at careteam@qonto.com Have a great day. â˜€ï¸",0.0,,2024-05-02,https://www.trustpilot.com/review/qonto.com?page=1,30,14-09-2024,0,0,0,0,2024,5,2,,273,6,7,,0,0,"qonto makes banking a pleasure. the website and mobile app make normal daily banking easy. at the same time, the ux provides insight into the growth of my business and expenses. also, the integrations with other sites, help me quickly keep track of expenses and accounting.",en
bank,Younited CreditÂ ,Alain,Service simple et facile," November 13, 2019",,0.0,,2019-11-13,https://www.trustpilot.com/review/www.younited-credit.com?page=23,38,14-09-2024,1,0,0,0,2019,11,13,,18,1,1,,0,0,"november 13, 2019",no
bank,Orange BankÂ ,Houssem,Merci,Merci orange bank,"Bonjour Houssem,Merci encore pour ce message et pour la confiance que vous nous accordez ğŸ™ŒSi besoin, nous restons Ã  votre Ã©coute pour toutes demandes.A bientÃ´t,Philippe",0.0,,2022-04-05,https://www.trustpilot.com/review/orangebank.fr?page=28,41,14-09-2024,0,0,0,0,2022,4,5,,17,1,0,,0,0,merci orange bank,id
bank,Orange BankÂ ,Goncalves,Orange bank est adaptÃ© Ã  la vie duâ€¦,Orange bank est adaptÃ© Ã  la vie du quotidien et facile Ã  utiliser au niveau de l'application.,BonjourUn grand merci pour ce partage d'expÃ©rience. Je suis contente que vous puissiez utiliser votre application avec facilitÃ© au quotidien. Une belle journÃ©e Ã  vous!Sara,0.0,,2022-02-27,https://www.trustpilot.com/review/orangebank.fr?page=36,41,14-09-2024,0,0,0,0,2022,2,27,,93,1,2,',0,0,orange bank est adaptÃ© Ã  la vie du quotidien et facile Ã  utiliser au niveau de l'application.,fr
bank,SumeriaÂ ,Maxime Bon,Thank Teo to efficiently and shortlyâ€¦,Thanks Teo to efficiently and shortly resolved my issue !!,Thanks for your message Maxime :),0.0,,2019-10-09,https://www.trustpilot.com/review/sumeria.eu?page=50,51,14-09-2024,0,0,0,0,2019,10,9,,58,2,2,,0,0,thanks teo to efficiently and shortly resolved my issue,en
bank,la NefÂ ,stephanie,le plaisir de faire partie d'un grandâ€¦,le plaisir de faire partie d'un grand projet qui humanise les populations . le vivre ensemble pour des projets constructifs et respectueux.merci,,0.0,,2024-06-06,https://www.trustpilot.com/review/www.lanef.com?page=1,6,14-09-2024,0,0,0,0,2024,6,6,,144,0,3,',0,0,le plaisir de faire partie d'un grand projet qui humanise les populations . le vivre ensemble pour des projets constructifs et respectueux.merci,fr
bank,AnytimeÂ ,MAIXENT SAYA MBOUBASSA,"Patients ,professionnel et sympathique","Patients ,professionnel et sympathiqueMerci Axel","Bonjour Maixent,Merci pour cet avis et d'avoir pris le temps de saluer le travail d'Axel ! ğŸ’™A trÃ¨s bientÃ´t, LÃ©a ğŸ¦‹",0.0,,2021-01-15,https://www.trustpilot.com/review/anyti.me?page=11,14,14-09-2024,0,0,0,0,2021,1,15,,48,3,1,,0,0,"patients ,professionnel et sympathiquemerci axel",fr
bank,la NefÂ ,ChloÃ© Torrente,La seule vÃ©ritable banque Ã©thique etâ€¦,"La seule vÃ©ritable banque Ã©thique et indÃ©pendante, ouvrir un livret d'Ã©pargne est facile, rapide et plein de sens !",,0.0,,2022-12-30,https://www.trustpilot.com/review/www.lanef.com?page=4,6,14-09-2024,0,0,0,0,2022,12,30,,115,1,4,',0,0,"la seule vÃ©ritable banque Ã©thique et indÃ©pendante, ouvrir un livret d'Ã©pargne est facile, rapide et plein de sens",fr
bank,Orange BankÂ ,Lionel,Service impeccable," May 25, 2022","Bonjour Lionel,Merci pour votre avis positif !C'est un plaisir de vous lire.Bonne journÃ©e,Tom.",0.0,,2022-05-25,https://www.trustpilot.com/review/orangebank.fr?page=20,41,14-09-2024,0,0,0,0,2022,5,25,,13,1,1,,0,0,"may 25, 2022",tl
bank,SumeriaÂ ,client,Excellent,Bonne application,Merci pour vos encouragements ! ğŸ’ª Ã€ bientÃ´t - L'Ã©quipe Lydia,0.0,,2022-05-09,https://www.trustpilot.com/review/sumeria.eu?page=46,51,14-09-2024,1,0,0,0,2022,5,9,,17,1,0,,0,0,bonne application,fr
bank,FortuneoÂ ,DANIEL RAGOT,faille de securite sur transaction cb," June 14, 2023","Bonjour Daniel,Nous accordons une grande importance Ã  la sÃ©curitÃ© de nos transactions par carte bancaire et nous regrettons d'apprendre que vous avez constatÃ© une faille de sÃ©curitÃ©. La protection de vos donnÃ©es et la prÃ©vention de la fraude sont des prioritÃ©s pour nous. Votre avis est important pour nous car il nous aide Ã  amÃ©liorer constamment nos services. Pour nous permettre de mieux vous rÃ©pondre nous vous invitons Ã  formuler une rÃ©clamation par e-mail en utilisant le formulaire disponible sur vÃ´tre Â« AccÃ¨s Client Â», rubrique Â« Nous contacter Â». SÃ©lectionnez le motif ""Formuler une rÃ©clamation"".Cordialement,L'Ã‰quipe Fortuneo.",0.0,,2023-06-22,https://www.trustpilot.com/review/fortuneo.fr?page=6,10,14-09-2024,0,0,0,0,2023,6,22,,14,1,1,,0,0,"june 14, 2023",fr
bank,QontoÂ ,Maxime B,Efficace,"Simple, agrÃ©able","Bonjour Maxime, merci pour votre retour d'expÃ©rience positif et votre soutien ! ğŸ˜Š",0.0,,2024-07-16,https://www.trustpilot.com/review/qonto.com?page=5,30,14-09-2024,1,0,0,0,2024,7,16,,16,1,1,,0,0,"simple, agrÃ©able",fr
bank,BoursoBankÂ ,Alqadi,You make life is so easy,"You make life is so easy, Thank you",,0.0,,2022-01-05,https://www.trustpilot.com/review/boursobank.com?page=8,10,14-09-2024,0,0,0,0,2022,1,5,,35,2,1,,0,0,"you make life is so easy, thank you",en
bank,QontoÂ ,Calin Popa,Excellent services and price,Excellent services and price. I will continue to be a customer.,"Hello Calin, we are infinitely grateful for your precious support! ğŸ¤©",0.0,,2024-05-24,https://www.trustpilot.com/review/qonto.com?page=4,30,14-09-2024,1,0,0,0,2024,5,24,,63,2,2,,0,0,excellent services and price. i will continue to be a customer.,en
bank,SumeriaÂ ,Marie,I had an interrogation ans i got Aâ€¦,I had an interrogation ans i got A Quick Answer from thÃ© Lydia team Nice people Ã¢ne close following,Thank you so much !,0.0,,2020-07-27,https://www.trustpilot.com/review/sumeria.eu?page=48,51,14-09-2024,0,0,0,0,2020,7,27,,99,6,0,,0,0,i had an interrogation ans i got a quick answer from thÃ© lydia team nice people Ã¢ne close following,en
bank,FortuneoÂ ,CHRISTINE PRIMAULT,Banque efficace et sans surprise," June 13, 2023",,0.0,,2023-06-14,https://www.trustpilot.com/review/fortuneo.fr?page=3,10,14-09-2024,0,0,0,0,2023,6,14,,14,1,1,,0,0,"june 13, 2023",et
bank,CofidisÂ ,Bertrand Zimmer,Very Good experience,"Very Good experience, responsive customer support","Bonjour Bertrand, merci pour votre retour. A trÃ¨s bientÃ´t chez Cofidis ! Estelle de l'Ã©quipe Cofidis.",0.0,,2021-03-22,https://www.trustpilot.com/review/cofidis.fr?page=15,17,14-09-2024,0,0,0,0,2021,3,22,,49,2,1,,0,0,"very good experience, responsive customer support",en
bank,CofidisÂ ,CLAUDE FRANCOIS,Correct,"Correct, respect...",Bonjour Claude. Merci beaucoup pour votre message. A trÃ¨s vite ! Christine de l'Ã©quipe Cofidis.,0.0,,2021-09-13,https://www.trustpilot.com/review/cofidis.fr?page=12,17,14-09-2024,0,0,0,0,2021,9,13,,19,1,4,,0,0,"correct, respect...",en
bank,SumeriaÂ ,Arthur,Super service,"Super service, simple dâ€™utilisation",,0.0,,2022-09-06,https://www.trustpilot.com/review/sumeria.eu?page=28,51,14-09-2024,1,0,0,0,2022,9,6,,35,1,2,â€™,0,0,"super service, simple d utilisation",fr
bank,QontoÂ ,Paul Pausan,Qonto is a good surprise,Qonto is a good surprise. It has a few disadvantages in comparison to classic local banks but so many advantages. I never had to deal with client service so not sure how responsive they are but the fact that I never needed it means they provide a good service so hopefully I will never need to find out.,"Hello Paul Pausan,Thank you for your positive feedback!We are glad to hear that our service/application lives up to your expectations. ğŸ˜Remember that you can contact us for any information you need and keep up to date with all our news.",0.0,,2023-03-14,https://www.trustpilot.com/review/qonto.com?page=16,30,14-09-2024,0,0,0,0,2023,3,14,,303,5,3,,0,0,qonto is a good surprise. it has a few disadvantages in comparison to classic local banks but so many advantages. i never had to deal with client service so not sure how responsive they are but the fact that i never needed it means they provide a good service so hopefully i will never need to find out.,en
bank,AnytimeÂ ,MOHAMMAD ASHFAQ KARIM BEGUM,YOU ARE EXCELLENT IN YOUR QUICK SERVICE," January 01, 2023","Hi Mohammad, Thank you so much for your positive feedback! We are looking forward to helping you again ğŸŒŸRegards,Barbara - Anytime",0.0,,2023-01-02,https://www.trustpilot.com/review/anyti.me?page=3,14,14-09-2024,0,0,0,0,2023,1,2,,17,1,1,,0,0,"january 01, 2023",id
bank,Younited CreditÂ ,Romain,Rapide efficace top," February 17, 2021",,0.0,,2021-02-17,https://www.trustpilot.com/review/www.younited-credit.com?page=18,38,14-09-2024,1,0,0,0,2021,2,17,,18,1,1,,0,0,"february 17, 2021",en
bank,SumeriaÂ ,Naveed,Very very good account," June 25, 2023",,0.0,,2023-07-01,https://www.trustpilot.com/review/sumeria.eu?page=16,51,14-09-2024,1,0,0,0,2023,7,1,,14,1,1,,0,0,"june 25, 2023",et
bank,BritlineÂ ,John Catterson,Outstanding,"I have been with Britline over three years since I came to France. I am 62 and I can honestly say that I have never experienced such amazing customer service, every single time I have had to call. And being 62 I have called for the most trivial of reasonsâ€¦lol. Just for being talked through how to use the online banking etc.  I can quickly speak to someone without pressing buttons and every single Britline advisor that I have spoken to has been amazing. I used to be with Barclays Premier Banking in the Ukâ€¦And pay a fee for the privilege. If I wanted to speak to someone, I had to tap dance pressing numbers for 5 minutes to get throughâ€¦and then speak to someone in a large call centre who seemed to just want the call over ASAPâ€¦presumably under pressure to take the next.Britline on the other hand , takes me back 40 years when people were actually interested in you and sincere in solving your problems.  If you are from the UK and are looking for a bank, you would be crazy not to choose Britline.Thank you Britline for your Amazon customer service.John",,0.0,,2024-02-29,https://www.trustpilot.com/review/britline.com?page=4,6,14-09-2024,0,0,0,0,2024,2,29,,1060,36,18,â€¦â€¦â€¦â€¦,0,0,"i have been with britline over three years since i came to france. i am 62 and i can honestly say that i have never experienced such amazing customer service, every single time i have had to call. and being 62 i have called for the most trivial of reasons lol. just for being talked through how to use the online banking etc. i can quickly speak to someone without pressing buttons and every single britline advisor that i have spoken to has been amazing. i used to be with barclays premier banking in the uk and pay a fee for the privilege. if i wanted to speak to someone, i had to tap dance pressing numbers for 5 minutes to get through and then speak to someone in a large call centre who seemed to just want the call over asap presumably under pressure to take the next.britline on the other hand , takes me back 40 years when people were actually interested in you and sincere in solving your problems. if you are from the uk and are looking for a bank, you would be crazy not to choose britline.thank you britline for your amazon customer service.john",en
bank,Cofidis - O Cr&eacute;dito Por TelefoneÂ ,Sophia,Vraiment rapide au top et je remercieâ€¦,Vraiment rapide au top et je remercie dâ€™avoir traiter mon dossier rapidement et surtout mâ€™aider a surmonter tout Ã§a merci en tous cas,,0.0,,2022-10-25,https://www.trustpilot.com/review/cofidis.pt?page=1,6,14-09-2024,0,0,0,0,2022,10,25,,133,1,2,â€™â€™,0,0,vraiment rapide au top et je remercie d avoir traiter mon dossier rapidement et surtout m aider a surmonter tout Ã§a merci en tous cas,fr
bank,01 Banque en LigneÂ ,Mik,Excellent,Excellent ğŸ‘Œ Excellent service et prestation. A essayer.,,0.0,,2019-11-17,https://www.trustpilot.com/review/01banque-en-ligne.fr?page=2,3,14-09-2024,0,0,0,0,2019,11,17,,55,3,3,ğŸ‘Œ,0,0,excellent excellent service et prestation. a essayer.,fr
bank,01 Banque en LigneÂ ,Tom,Site top !,"Site top, je recommande !",,0.0,,2019-11-17,https://www.trustpilot.com/review/01banque-en-ligne.fr?page=3,3,14-09-2024,0,0,0,0,2019,11,17,,25,1,2,,0,0,"site top, je recommande",en
bank,SumeriaÂ ,Vanessa,I am a very satisfied user of the Lydiaâ€¦,I am a very satisfied user of the Lydia App. My customers love it. It's easy and reliable. It does bug sometimes but all I do is delete and re download besides that it's deserving of the 5 stars ğŸŒŸ,,0.0,,2022-12-06,https://www.trustpilot.com/review/sumeria.eu?page=24,51,14-09-2024,1,0,0,0,2022,12,6,,196,7,6,''ğŸŒŸ,0,0,i am a very satisfied user of the lydia app. my customers love it. it's easy and reliable. it does bug sometimes but all i do is delete and re download besides that it's deserving of the 5 stars,en
bank,CofidisÂ ,Ennerika Yacana,TrÃ¨s bonne prise en charge," October 20, 2021","Bonjour Ennerika Yacana,Je suis ravi de lire votre tÃ©moignage. ğŸ˜Š Bonne journÃ©e ! Annick de l'Ã©quipe Cofidis.",0.0,,2021-10-20,https://www.trustpilot.com/review/cofidis.fr?page=11,17,14-09-2024,0,0,0,0,2021,10,20,,17,1,1,,0,0,"october 20, 2021",sv
bank,Orange BankÂ ,Dominique,Activation carte orange bank,J'avais un Pb pour activer ma carte. La solution Ã  Ã©tÃ© trouvÃ©e en boutique,,0.0,,2022-10-14,https://www.trustpilot.com/review/orangebank.fr?page=2,41,14-09-2024,0,0,0,0,2022,10,14,,74,3,2,',0,0,j'avais un pb pour activer ma carte. la solution Ã  Ã©tÃ© trouvÃ©e en boutique,fr
bank,Younited CreditÂ ,client,Simple et rapide," February 19, 2023","Bonjour,Nous vous remercions pour ce commentaireâ€¯positif. En espÃ©rant que vous puissiez recommander Younited auprÃ¨s de votre entourage.Excellente journÃ©e,Tracy",0.0,,2023-02-28,https://www.trustpilot.com/review/www.younited-credit.com?page=5,38,14-09-2024,1,0,0,0,2023,2,28,,18,1,1,,0,0,"february 19, 2023",en
bank,FortuneoÂ ,Roger Sieradzki,Simple efficace et gratuit,Simple efficace et gratuit Merci Fortuneo,,0.0,,2023-02-14,https://www.trustpilot.com/review/fortuneo.fr?page=6,10,14-09-2024,0,0,0,0,2023,2,14,,41,3,0,,0,0,simple efficace et gratuit merci fortuneo,ro
bank,Younited CreditÂ ,hugues,rapide et efficace,"prise de contact et suivi performants. 2 points negatifs :un appel telephonique non essentiel et surtout un envoi de documentsne reprenant pas les souhaits du demandeur (assurance facultative).",,0.0,,2015-04-22,https://www.trustpilot.com/review/www.younited-credit.com?page=37,38,14-09-2024,1,0,0,0,2015,4,22,,196,0,5,:(),0,0,prise de contact et suivi performants. 2 points negatifs un appel telephonique non essentiel et surtout un envoi de documents ne reprenant pas les souhaits du demandeur assurance facultative .,fr
bank,Orange BankÂ ,Omarjee,Facile,"Facile, rapide, efficace",,0.0,,2022-08-21,https://www.trustpilot.com/review/orangebank.fr?page=13,41,14-09-2024,0,0,0,0,2022,8,21,,24,1,2,,0,0,"facile, rapide, efficace",ro
bank,Younited CreditÂ ,Nico,Good platform but system issues,"Younited is a good platform that offers a fast and reliable initial service, and I cannot deny this.However, I have rated it two (2) stars due to issues I encountered after making an early payment with the ""reduce installment amount"" option. Despite discussing this with customer service, the following month I was supposed to see my installment reduced by approximately â‚¬30, but it was not reduced, and I still received the full amount.I await clarification as soon as possible, especially since Younited is aware that I have paid several installments to close the account earlier, and these were higher payments to finish sooner.I urgently await clarification and resolution of this issue.Sincerely,","Good morning,We thank you for taking the time to leave us a comment.We are delighted to have you among our customers, however, we are sorry to read that you are not fully satisfied with your Younited experience.We apologize for the inconvenience caused and we will do everything we can to ensure that your experience at Younited is optimal.Do not hesitate to send us any other comments as customer satisfaction is at the heart of our concerns.Have a great day,",0.0,,2024-08-27,https://www.trustpilot.com/review/www.younited-credit.com?page=2,38,14-09-2024,0,0,0,0,2024,8,27,,701,13,18,"()""""â‚¬",0,0,"younited is a good platform that offers a fast and reliable initial service, and i cannot deny this.however, i have rated it two 2 stars due to issues i encountered after making an early payment with the reduce installment amount option. despite discussing this with customer service, the following month i was supposed to see my installment reduced by approximately 30, but it was not reduced, and i still received the full amount.i await clarification as soon as possible, especially since younited is aware that i have paid several installments to close the account earlier, and these were higher payments to finish sooner.i urgently await clarification and resolution of this issue.sincerely,",en
bank,Cofidis - O Cr&eacute;dito Por TelefoneÂ ,Lucio Velazco Tolentino,Estoy satisfecho muy buen crÃ©dito,Estoy satisfecho muy buen crÃ©dito,,0.0,,2024-08-25,https://www.trustpilot.com/review/cofidis.pt?page=1,6,14-09-2024,0,0,0,0,2024,8,25,,33,1,0,,0,0,estoy satisfecho muy buen crÃ©dito,fr
bank,QontoÂ ,Sylviane,facile et efficace,facile et efficace ! qualitÃ© de service au top,"Bonjour Jocelyne, Merci beaucoup pour votre retour positif et pour votre soutien ! ğŸ˜Š Nous sommes Ã  votre disposition si vous avez la moindre question. TrÃ¨s belle journÃ©e ! â˜€ï¸ Sara - Executive Care Team",0.0,,2022-12-06,https://www.trustpilot.com/review/qonto.com?page=18,30,14-09-2024,1,0,0,0,2022,12,6,,46,0,1,,0,0,facile et efficace qualitÃ© de service au top,fr
bank,CofidisÂ ,MARINA K,Parfait,Parfait! Tres bon!,"Merci pour votre confiance Marina, je vous souhaite un bon aprÃ¨s-midi ! Julien de l'Ã©quipe Cofidis.",0.0,,2022-08-30,https://www.trustpilot.com/review/cofidis.fr?page=6,17,14-09-2024,0,0,0,0,2022,8,30,,18,2,2,,0,0,parfait tres bon,fr
bank,Cofidis - O Cr&eacute;dito Por TelefoneÂ ,Fred,service rapide et sÃ©rieux," October 14, 2022",,0.0,,2022-10-25,https://www.trustpilot.com/review/cofidis.pt?page=4,6,14-09-2024,0,0,0,0,2022,10,25,,17,1,1,,0,0,"october 14, 2022",en
bank,Orange BankÂ ,Marie Odile,merci,communication normal,"Bonjour Marie Odile,Merci de votre message.Nous souhaitons aller au-delÃ  de la communication normale pour atteindre la communication parfaite !N'hÃ©sitez pas Ã  m'envoyer vos suggestions sur webmaster@orangebank.frA trÃ¨s vite,Tom.",0.0,,2022-03-16,https://www.trustpilot.com/review/orangebank.fr?page=33,41,14-09-2024,0,0,0,0,2022,3,16,,20,0,0,,0,0,communication normal,it
bank,la NefÂ ,Pascal Marcuzy,Je suis nouveau sociÃ©taire de la nef.,"Je suis nouveau sociÃ©taire de la nef.La prise de contact tÃ©lÃ©phonique a Ã©tÃ© efficace, claire et sympathique. Cette banque est un signe fort d'espoir pour un monde plus respectueux oÃ¹ la finance se met au service des citoyens et de l'environnement.Je n'ai pas hÃ©sitÃ© Ã  investir dans des parts sociales pour soutenir le dÃ©veloppement de ma banque.",,0.0,,2022-12-18,https://www.trustpilot.com/review/www.lanef.com?page=2,6,14-09-2024,0,0,0,0,2022,12,18,,345,4,8,''',0,0,"je suis nouveau sociÃ©taire de la nef.la prise de contact tÃ©lÃ©phonique a Ã©tÃ© efficace, claire et sympathique. cette banque est un signe fort d'espoir pour un monde plus respectueux oÃ¹ la finance se met au service des citoyens et de l'environnement.je n'ai pas hÃ©sitÃ© Ã  investir dans des parts sociales pour soutenir le dÃ©veloppement de ma banque.",fr
bank,Cofidis - O Cr&eacute;dito Por TelefoneÂ ,SARA ROCHDI,Rapide et efficace," October 20, 2022",,0.0,,2022-10-25,https://www.trustpilot.com/review/cofidis.pt?page=5,6,14-09-2024,0,0,0,0,2022,10,25,,17,1,1,,0,0,"october 20, 2022",sv
bank,CofidisÂ ,Francoise Lapeyrie,Tres facile sur internet on a uneâ€¦,Tres facile sur internet on a une premiers reponse on envois les justificationson recois une reponse par sms facile et rapide on recois le virement aussitot Satisfaite par leur serieux je suis cliente depuis longtemp,"Bonjour FranÃ§oise, Je suis ravi de lire votre tÃ©moignage. ğŸ˜Š Bonne journÃ©e ! Alexandre de l'Ã©quipe Cofidis.",0.0,,2024-04-16,https://www.trustpilot.com/review/cofidis.fr?page=1,17,14-09-2024,0,0,0,0,2024,4,16,,216,2,0,,0,0,tres facile sur internet on a une premiers reponse on envois les justificationson recois une reponse par sms facile et rapide on recois le virement aussitot satisfaite par leur serieux je suis cliente depuis longtemp,fr
bank,Orange BankÂ ,Grondin,Merci orange bank," June 24, 2022","Bonjour,C'est notre plaisir de vous avoir comme client. C'est nous qui vous remercions de nous avoir fait confiance.A bientÃ´t,Philippe",0.0,,2022-06-24,https://www.trustpilot.com/review/orangebank.fr?page=16,41,14-09-2024,0,0,0,0,2022,6,24,,14,1,1,,0,0,"june 24, 2022",fr
bank,la NefÂ ,Catherine Glo,Bravo,"Bonjour,Je suis sociÃ©taire de la NEF depuis plus de 20 ans, parce que c'est une coopÃ©rative bancaire qui donne du sens Ã  mon argent, et ne spÃ©cule pas sur les marchÃ©s financiers dont la cupiditÃ© exponentielle mÃ¨ne le monde Ã  sa perte. Alors oui Ã  l'Ã©thique et Ã  la transparence, des valeurs dÃ©fendues par la NEF, que je remercie d'exister.",,0.0,,2022-12-19,https://www.trustpilot.com/review/www.lanef.com?page=2,6,14-09-2024,0,0,0,0,2022,12,19,,339,9,10,''',0,0,"bonjour,je suis sociÃ©taire de la nef depuis plus de 20 ans, parce que c'est une coopÃ©rative bancaire qui donne du sens Ã  mon argent, et ne spÃ©cule pas sur les marchÃ©s financiers dont la cupiditÃ© exponentielle mÃ¨ne le monde Ã  sa perte. alors oui Ã  l'Ã©thique et Ã  la transparence, des valeurs dÃ©fendues par la nef, que je remercie d'exister.",fr
bank,Orange BankÂ ,Valerie,Orange bank,Personnel agreable et bonne explication dans l attente de rÃ©ception de cartes bancaires,"Bonjour ValÃ©rie, Eh bien, je suis heureux d'entendre que vous Ãªtes satisfait de la faÃ§on dont nous avons traitÃ© notre consultant.ğŸ˜Š Nos employÃ©s sont dÃ©terminÃ©s Ã  vous fournir toute leur expertise afin de rÃ©pondre au mieux Ã  vos attentes.ğŸ‘Je vois que vous Ãªtes dÃ©jÃ  cliente premium et que vous bÃ©nÃ©ficiez de la carte premium. Dans ce cas, aprÃ¨s avoir optÃ© pour le Premium Pack, vous conservez toujours la mÃªme carte. En cas de questions, nos experts sont Ã  votre disposition sur webmaster@orangebank.fr Bonne journÃ©e, Max",0.0,,2023-01-24,https://www.trustpilot.com/review/orangebank.fr?page=7,41,14-09-2024,0,0,0,0,2023,1,24,,87,1,0,,0,0,personnel agreable et bonne explication dans l attente de rÃ©ception de cartes bancaires,fr
bank,SumeriaÂ ,DB,Great service and reactive team.," October 31, 2019",Thanks a lot for your very nice comment!,0.0,,2019-10-31,https://www.trustpilot.com/review/sumeria.eu?page=50,51,14-09-2024,0,0,0,0,2019,10,31,,17,1,1,,0,0,"october 31, 2019",sv
bank,SumeriaÂ ,Fakhreddin Afkhami,Threats and fraud,"Please beware of scams in this app, they will make you in debt with fake features and steal your money",,0.0,,2023-11-16,https://www.trustpilot.com/review/sumeria.eu?page=8,51,14-09-2024,0,0,0,0,2023,11,16,,102,1,1,,0,0,"please beware of scams in this app, they will make you in debt with fake features and steal your money",en
bank,BritlineÂ ,Mark Minshull,As always our contact with Russel atâ€¦,As always our contact with Russel at Britline continues to be a great experience. Since moving to France a few years ago the service and help has been invaluable.,,0.0,,2024-01-08,https://www.trustpilot.com/review/britline.com?page=4,6,14-09-2024,0,0,0,0,2024,1,8,,162,5,2,,0,0,as always our contact with russel at britline continues to be a great experience. since moving to france a few years ago the service and help has been invaluable.,en
bank,SumeriaÂ ,Paul,TrÃ¨s bon avis!," September 27, 2023",,0.0,,2023-09-27,https://www.trustpilot.com/review/sumeria.eu?page=12,51,14-09-2024,1,0,0,0,2023,9,27,,19,1,1,,0,0,"september 27, 2023",sv
bank,Cofidis - O Cr&eacute;dito Por TelefoneÂ ,michel jouen,Super expÃ©rience," October 15, 2022",,0.0,,2022-11-01,https://www.trustpilot.com/review/cofidis.pt?page=6,6,14-09-2024,0,0,0,0,2022,11,1,,17,1,1,,0,0,"october 15, 2022",sv
bank,FloabankÂ ,Marie,Parfait,Prise en charge rapide contact simple,"Bonjour Marie, vous savoir satisfaite est une information prÃ©cieuse et nous encourage Ã  continuer dans ce sens.Lâ€™Ã©coute de nos clients est essentielle pour amÃ©liorer encore et toujours lâ€™expÃ©rience de nos clients ainsi que nos produits.Je vais personnellement faire passer votre message Ã  notre Ã©quipe marketing qui est mobilisÃ©e chaque jour pour vous satisfaire.Votre conseiller clientÃ¨le FLOA Bank.",0.0,,2023-01-03,https://www.trustpilot.com/review/floabank.fr?page=2,5,14-09-2024,0,0,0,0,2023,1,3,,37,1,0,,0,0,prise en charge rapide contact simple,fr
bank,Orange BankÂ ,Beau Soleil Consulting,Simple d'utilisation,Simple d'utilisationEfficace,"Bonjour,Merci pour ces belles Ã©toiles. C'est une belle rÃ©compense pour nous de lire ces quelques mots. Bonne journÃ©e, Elodie.",0.0,,2022-08-18,https://www.trustpilot.com/review/orangebank.fr?page=13,41,14-09-2024,0,0,0,0,2022,8,18,,28,2,1,',0,0,simple d'utilisationefficace,it
bank,Orange BankÂ ,Elias,Experience positive et constructive," July 15, 2022","Bonjour Elias,Un grand merci pour la confiance que vous nous accordez ğŸ˜Š.Nous ne manquerons pas de vous proposer des produits et services Ã  la hauteur de vos exigences.A bientÃ´t,Philippe",0.0,,2022-07-15,https://www.trustpilot.com/review/orangebank.fr?page=15,41,14-09-2024,0,0,0,0,2022,7,15,,14,1,1,,0,0,"july 15, 2022",fi
bank,Orange BankÂ ,VALERIE MALAURY,Simple et efficace," August 26, 2022",,0.0,,2022-08-26,https://www.trustpilot.com/review/orangebank.fr?page=12,41,14-09-2024,0,0,0,0,2022,8,26,,16,1,1,,0,0,"august 26, 2022",et
bank,MonabanqÂ ,M   MOUSSA M,Au Top du Top !!!," June 14, 2022",,0.0,,2022-08-03,https://www.trustpilot.com/review/www.monabanq.com?page=3,4,14-09-2024,0,0,0,0,2022,8,3,,14,1,1,,0,0,"june 14, 2022",et
bank,Cofidis - O Cr&eacute;dito Por TelefoneÂ ,Shirley Delefosse,DÃ©lai de rÃ©ponse trÃ¨s long," October 21, 2022",,0.0,,2022-10-25,https://www.trustpilot.com/review/cofidis.pt?page=5,6,14-09-2024,0,0,0,0,2022,10,25,,17,1,1,,0,0,"october 21, 2022",sv
bank,QontoÂ ,Giovanni Ben Toumi,Amazing for their accounting systemâ€¦,Amazing for their accounting system with the invoices that can be scanned immediately and the VAT detection and reports. Also that the instant transfer is standart and doesn't cost additonal is a great plus!,,0.0,,2023-04-15,https://www.trustpilot.com/review/qonto.com?page=16,30,14-09-2024,1,0,0,0,2023,4,15,,207,5,3,',0,0,amazing for their accounting system with the invoices that can be scanned immediately and the vat detection and reports. also that the instant transfer is standart and doesn't cost additonal is a great plus,en
bank,Younited CreditÂ ,Monsieur IDJOUADIENE,Merci younited,Merci younited ! Instruction de dossier en un temps record et suite donnÃ©e positive . A recommander,"Bonjour,Merci dâ€™avoir pris le temps de nous faire un retour sur votre expÃ©rience auprÃ¨s de Younited Credit, et sommes ravis de lire que celle-ci sâ€™est bien passÃ©.Nous nous efforÃ§ons dâ€™offrir Ã  nos clients un crÃ©dit aussi juste, simple et rapide que possible et sommes heureux dâ€™avoir pu vous en faire bÃ©nÃ©ficier.Excellente journÃ©e,Diane",0.0,,2022-07-27,https://www.trustpilot.com/review/www.younited-credit.com?page=5,38,14-09-2024,1,0,0,0,2022,7,27,,99,3,2,,0,0,merci younited instruction de dossier en un temps record et suite donnÃ©e positive . a recommander,fr
bank,la NefÂ ,GB,Banque Ã©thique mais dans la pratique unâ€¦,Banque Ã©thique mais dans la pratique un service bancaire trÃ¨s limitÃ© et pas simple.,,0.0,,2024-07-26,https://www.trustpilot.com/review/www.lanef.com?page=1,6,14-09-2024,0,0,0,0,2024,7,26,,83,1,1,,0,0,banque Ã©thique mais dans la pratique un service bancaire trÃ¨s limitÃ© et pas simple.,fr
bank,VybeÂ ,FaÃ¯za Mokrani,Super application bancaire !!," January 29, 2022",Merci pour tout FaÃ¯za ğŸ¦‹ğŸ˜,0.0,,2022-01-29,https://www.trustpilot.com/review/www.vybecard.com?page=1,1,14-09-2024,0,0,0,0,2022,1,29,,17,1,1,,0,0,"january 29, 2022",id
bank,QontoÂ ,Ibrahim Yildiz,Super merci,Super  merci beaucoup,Merci Ã  vous Ibrahim pour la confiance.,0.0,,2024-05-15,https://www.trustpilot.com/review/qonto.com?page=9,30,14-09-2024,0,0,0,0,2024,5,15,,21,1,0,,0,0,super merci beaucoup,fr
bank,SumeriaÂ ,Laura,Excellent !,Super app !!!,,0.0,,2022-07-02,https://www.trustpilot.com/review/sumeria.eu?page=37,51,14-09-2024,1,0,0,0,2022,7,2,,13,1,3,,0,0,super app,it
bank,Cofidis - O Cr&eacute;dito Por TelefoneÂ ,F.Pr,Service trÃ¨s rÃ©actif et disponible.," October 18, 2022",,0.0,,2022-11-01,https://www.trustpilot.com/review/cofidis.pt?page=5,6,14-09-2024,0,0,0,0,2022,11,1,,17,1,1,,0,0,"october 18, 2022",sv
bank,Orange BankÂ ,Ghiasse,Parfait,Super bank orange,"Un grand merci Ghiasse pour ce soutien sans faille. Ã  bientÃ´t,Margaux",0.0,,2024-05-13,https://www.trustpilot.com/review/orangebank.fr?page=2,41,14-09-2024,0,0,0,0,2024,5,13,,17,1,0,,0,0,super bank orange,id
bank,FortuneoÂ ,Noah,Worst bank Ever.,"Worst bank Ever.I just opened a bank account with them. needed to transfert money. Here where it get funny, I transfert money from the aps. Wait 2 days, no update. I then receive an email asking me to justify.Okay fair enough ... I reply ... Two days, still no answer .. I decide to call customer service. They ask me the exact same question and tell me that it will be validated within 48 hours .. 48 hours later, I receive a call where the person asking me what I intend to do with the money (wait for real).I reply that christmas is coming, im thinking of buying a car or a camera (we're talking abt 3Kâ‚¬).She said ok, this will be solved. Next day I receive an email asking me the exact same thing but ask me to join an invoice as a proof that im gonna buy a car (for real?).We're talking about same owner, two different banks, moving money from fortuneo to a different bank.So as crazy this may sound, I comply, send them proof. Then I call them, While I am writing this review, i am on the phone from the past 37minutes and I already explain the situation to 4 differents person and STILL not solved ... This is the worst experience EVER ...",,0.0,,2021-12-15,https://www.trustpilot.com/review/fortuneo.fr?page=8,10,14-09-2024,0,0,0,0,2021,12,15,,1146,37,51,()('â‚¬)()',0,0,"worst bank ever.i just opened a bank account with them. needed to transfert money. here where it get funny, i transfert money from the aps. wait 2 days, no update. i then receive an email asking me to justify.okay fair enough ... i reply ... two days, still no answer .. i decide to call customer service. they ask me the exact same question and tell me that it will be validated within 48 hours .. 48 hours later, i receive a call where the person asking me what i intend to do with the money wait for real .i reply that christmas is coming, im thinking of buying a car or a camera we're talking abt 3k .she said ok, this will be solved. next day i receive an email asking me the exact same thing but ask me to join an invoice as a proof that im gonna buy a car for real .we're talking about same owner, two different banks, moving money from fortuneo to a different bank.so as crazy this may sound, i comply, send them proof. then i call them, while i am writing this review, i am on the phone from the past 37minutes and i already explain the situation to 4 differents person and still not solved ... this is the worst experience ever ...",en
bank,SumeriaÂ ,ThÃ©odore,Simple,"Simple, pratique, intuitif, la version gratuite est bien suffisante et agrÃ©able.",,0.0,,2023-08-10,https://www.trustpilot.com/review/sumeria.eu?page=14,51,14-09-2024,1,0,0,0,2023,8,10,,80,1,4,,0,0,"simple, pratique, intuitif, la version gratuite est bien suffisante et agrÃ©able.",fr
bank,Ma French BankÂ ,Emonyon Alex,Votre application ma french banque caâ€¦,Votre application ma french banque ca match pas et je ne arive pas alignmente mon carte depuis le site,"Bonjour Alex,J'aimerais en savoir plus sur, pour continuer Ã  discuter ensemble, je vous invite Ã  nous contacter sur nos rÃ©seaux sociaux, sur Facebook Messenger ? (ici ğŸ‘‰ http://m.me/MaFrenchBank ) ou sur Twitter ? (ici ğŸ‘‰ https://twitter.com/MaFrenchBank).Merci pour votre tÃ©moignage. Lâ€™expÃ©rience de nos clients nous tient sincÃ¨rement Ã  cÅ“ur. Nos Ã©quipes travaillent quotidiennement pour enrichir notre offre et rÃ©pondre au mieux Ã  chaque besoin. Nous ferons notre maximum pour vous accompagner.Bonne journÃ©e,Louis de la French Team",0.0,,2021-07-21,https://www.trustpilot.com/review/www.mafrenchbank.fr?page=5,5,14-09-2024,0,0,0,0,2021,7,21,,102,1,0,,0,0,votre application ma french banque ca match pas et je ne arive pas alignmente mon carte depuis le site,fr
bank,Younited CreditÂ ,Cascarille,Rapide efficace merci younited," March 25, 2020",,0.0,,2020-03-25,https://www.trustpilot.com/review/www.younited-credit.com?page=22,38,14-09-2024,1,0,0,0,2020,3,25,,15,1,1,,0,0,"march 25, 2020",cy
bank,QontoÂ ,Francesco Paolo Li Donni,Efficienza e un help desk puntuale eâ€¦,Efficienza e un help desk puntuale e veramente sempre pronto.,Ciao Francesco!Grazie mille per la recensione e per le belle parole! Ho visto che un collega si Ã¨ messo in contatto con te per capire cosa ci manca per raggiungere le 5 stelle! Buona giornata!,0.0,,2023-02-27,https://www.trustpilot.com/review/qonto.com?page=17,30,14-09-2024,0,0,0,0,2023,2,27,,61,1,1,,0,0,efficienza e un help desk puntuale e veramente sempre pronto.,it
bank,ShineÂ ,Gary,Quick and easy ğŸ‘," August 03, 2022","Hi Gary ğŸ˜ŠThank you so much for your kind words. We really appreciate you taking the time out to share your experience with us ğŸ’›Weâ€™re here if you need anything,Manon ğŸ’«",0.0,,2022-08-03,https://www.trustpilot.com/review/shine.fr?page=5,6,14-09-2024,1,0,0,0,2022,8,3,,16,1,1,,0,0,"august 03, 2022",et
bank,BoursoBankÂ ,BERTRAND MARIE FILLIETTE,Bon interface," May 08, 2024",,0.0,,2024-05-09,https://www.trustpilot.com/review/boursobank.com?page=8,10,14-09-2024,0,0,0,0,2024,5,9,,13,1,1,,0,0,"may 08, 2024",tl
bank,Orange BankÂ ,Zohair,Top top,Top top top top,"Bonjour,Merci pour ce commentaire, c'est vous qui Ãªtes au top ğŸ‘.Nous ne manquerons pas de vous rendre toute la confiance que vous nous accordez ğŸ˜‰A bientÃ´t,Philippe",0.0,,2022-05-20,https://www.trustpilot.com/review/orangebank.fr?page=20,41,14-09-2024,0,0,0,0,2022,5,20,,15,1,0,,0,0,top top top top,en
bank,QontoÂ ,Shahzad,Tre bien,Very very good,Thanks Shahzad for your great support! ğŸ’œ,0.0,,2021-04-20,https://www.trustpilot.com/review/qonto.com?page=26,30,14-09-2024,0,0,0,0,2021,4,20,,14,1,0,,0,0,very very good,af
bank,propulsebyca.frÂ ,MÃ©lissa,"Application efficace,pratique","Application efficace,pratique, simple.Parfaite","Bonjour MÃ©lissa, Les Ã©quipes de Propulse By CA sont ravies d'apprendre votre satisfaction. N'hÃ©sitez pas Ã  nous solliciter en cas de besoin. Belle journÃ©e Ã  vous. Lucie",0.0,,2024-04-09,https://www.trustpilot.com/review/propulsebyca.fr?page=1,2,14-09-2024,0,0,0,0,2024,4,9,,46,2,3,,0,0,"application efficace,pratique, simple.parfaite",fr
bank,AnytimeÂ ,SEVERINE VILLARD,TrÃ¨s bon contact," November 18, 2020","Bonjour SÃ©verine, Merci pour votre tÃ©moignage.AprÃ¨s m'Ãªtre renseignÃ©e, c'est Jennifer qui a pris en charge votre dossier, elle vous remercie Ã©galement pour ce gentil commentaire âœ¨Prenez soin de vous, LÃ©a ğŸ¦‹",0.0,,2020-11-18,https://www.trustpilot.com/review/anyti.me?page=12,14,14-09-2024,0,0,0,0,2020,11,18,,18,1,1,,0,0,"november 18, 2020",no
bank,Younited CreditÂ ,Sylvie Gaillard,tres simple et rapide," November 10, 2017","Bonjour Sylvie,Nous sommes enchantÃ©s de vous lire ! Bienvenue chez Younited. Excellente journÃ©e, l'Ã©quipe Younited",0.0,,2017-11-10,https://www.trustpilot.com/review/www.younited-credit.com?page=32,38,14-09-2024,0,0,0,0,2017,11,10,,18,1,1,,0,0,"november 10, 2017",no
bank,helios.doÂ ,JosÃ©phine Cossec,Good enough for such a young bank !,"There is a few things you need to accept like not being able to put cash on your account but otherwise, it is very affordable and straight forward and knowing that I have a greater impact on the environment is just so important!",,0.0,,2022-04-03,https://www.trustpilot.com/review/helios.do?page=1,3,14-09-2024,0,0,0,0,2022,4,3,,228,2,2,,0,0,"there is a few things you need to accept like not being able to put cash on your account but otherwise, it is very affordable and straight forward and knowing that i have a greater impact on the environment is just so important",en
bank,SumeriaÂ ,Maeva Mourouvin,TrÃ¨s bon service," July 08, 2022",,0.0,,2022-07-08,https://www.trustpilot.com/review/sumeria.eu?page=36,51,14-09-2024,1,0,0,0,2022,7,8,,14,1,1,,0,0,"july 08, 2022",fi
bank,BlankÂ ,Mohamed  R.,L'application facile Ã  utiliser,L'application facile Ã  utiliser. Simple rapide et efficace,"Bonjour Mohamed, Nous sommes ravis de lire que l'application et les services de Blank vous conviennent. Merci d'avoir partagÃ© votre expÃ©rience. Belle journÃ©e Ã  vous. Camille",0.0,,2023-04-04,https://www.trustpilot.com/review/blank.app?page=2,3,14-09-2024,0,0,0,0,2023,4,4,,58,2,2,',0,0,l'application facile Ã  utiliser. simple rapide et efficace,fr
bank,CofidisÂ ,Ingrid Kerloch,Vite simple efficace,Facilement accessible,Bonjour Ingrid. Je vous remercie pour votre message. A bientÃ´t ! Anthony de l'Ã©quipe Cofidis.,0.0,,2024-04-22,https://www.trustpilot.com/review/cofidis.fr?page=6,17,14-09-2024,0,0,0,0,2024,4,22,,21,1,0,,0,0,facilement accessible,ca
bank,Hello bank! FranceÂ ,Elyse,Tres mauvaise banque,"En 1 an, nous avons eu beaucoup de problemes:- frais de carte pour non utilisation de celle-ci sans nous prevenir- double virements suite a un bug de l'applicationTres mauvais service client en general!","Hello Elyse, NavrÃ© pour la gÃªne occasionnÃ©e, Un message vous a Ã©tÃ© envoyÃ© sur la messagerie Hello bank! suite Ã  votre retour d'information. Je vous invite Ã  en prendre connaissance. Nos conseillers sont Ã©galement disponibles par chat du lundi au vendredi de 9h Ã  22h et le samedi de 9h Ã  18h mais Ã©galement via les rÃ©seaux sociaux : -	Facebook via Messenger: https://m.me/HelloBankFr/-	Twitter : https://twitter.com/Hellobank_frEn vous souhaitant une excellente journÃ©e, Ã  bientÃ´t chez Hello !Nasser de la Hello Team.",0.0,,2022-11-04,https://www.trustpilot.com/review/hellobank.fr?page=2,4,14-09-2024,0,0,0,0,2022,11,4,,202,2,7,:---',0,0,"en 1 an, nous avons eu beaucoup de problemes frais de carte pour non utilisation de celle ci sans nous prevenir double virements suite a un bug de l'applicationtres mauvais service client en general",fr
bank,Younited CreditÂ ,Nicolas,trÃ¨s content,"simple, rapide et efficace je recommande younited credit",,0.0,,2019-10-09,https://www.trustpilot.com/review/www.younited-credit.com?page=24,38,14-09-2024,1,0,0,0,2019,10,9,,56,0,1,,0,0,"simple, rapide et efficace je recommande younited credit",fr
bank,Orange BankÂ ,Marie-Christine,contact claire et net," April 01, 2022","Bonjour Marie-Christine, Je suis ravie que votre Ã©change avec un expert Orange Bank ait Ã©tÃ© clair pour vous. âœ¨A quand la 5e Ã©toile? N'hÃ©sitez pas Ã  nous faire part de vos suggestions sur webmaster@orangebank.frTrÃ¨s belle journÃ©e Ã  vous!Sara",0.0,,2022-04-01,https://www.trustpilot.com/review/orangebank.fr?page=29,41,14-09-2024,0,0,0,0,2022,4,1,,15,1,1,,0,0,"april 01, 2022",ro
bank,QontoÂ ,RACHIK  KHADOUJ,Top bravo,Excellence service,Merci Rachik pour votre retour d'expÃ©rience positif ! ğŸ˜ƒ,0.0,,2021-04-16,https://www.trustpilot.com/review/qonto.com?page=26,30,14-09-2024,0,0,0,0,2021,4,16,,18,1,0,,0,0,excellence service,fr
bank,Orange BankÂ ,Moulin,Simple et rapide," May 30, 2022","Bonjour ,Mille merci pour votre commentaire et pour ces belles Ã©toiles !Excellente journÃ©e , Vanessa",0.0,,2022-05-30,https://www.trustpilot.com/review/orangebank.fr?page=18,41,14-09-2024,0,0,0,0,2022,5,30,,13,1,1,,0,0,"may 30, 2022",tl
bank,Ma French BankÂ ,Gibus Coco,super simple," June 29, 2022","Bonjour,Quel plaisir de lire votre avis et de vous savoir pleinement conquis par les services de Ma French Bank ! Passez une belle journÃ©e ! Lâ€™Ã©quipe Ma French Bank",0.0,,2022-06-29,https://www.trustpilot.com/review/www.mafrenchbank.fr?page=4,5,14-09-2024,0,0,0,0,2022,6,29,,14,1,1,,0,0,"june 29, 2022",fr
bank,Orange BankÂ ,Monsieur BLANC,interlocutrice adequate,"reactivite,bonne comprehention du probleme","Bonjour Albert,Merci pour votre avis laissÃ© ici et cette reconnaissance de la qualitÃ© de notre service client.Bonne journÃ©e Ã  vous,Lucas",0.0,,2023-04-13,https://www.trustpilot.com/review/orangebank.fr?page=7,41,14-09-2024,0,0,0,0,2023,4,13,,42,0,1,,0,0,"reactivite,bonne comprehention du probleme",fr
bank,QontoÂ ,Nicolas,Excellent...," December 04, 2019","Bonjour, merci beaucoup pour votre soutien! ğŸ˜Š",0.0,,2019-12-04,https://www.trustpilot.com/review/qonto.com?page=29,30,14-09-2024,0,0,0,0,2019,12,4,,18,1,1,,0,0,"december 04, 2019",nl
bank,QontoÂ ,Hans Walter Finckh,Hans Walter Finckh,Best bank ever seen,"Hallo Hans Walter Finckh,Vielen Dank fÃ¼r das positive Feedback! Es freut uns zu hÃ¶ren, dass unser Service Ihren Erwartungen entspricht. ğŸ˜",0.0,,2022-12-15,https://www.trustpilot.com/review/qonto.com?page=18,30,14-09-2024,0,0,0,0,2022,12,15,,19,1,0,,0,0,best bank ever seen,nl
bank,01 Banque en LigneÂ ,Alex,Les meilleurs conseils,Les meilleurs conseilsDe fortes Ã©conomies d'argent grÃ¢ce aux conseils avisÃ©s de ce site internet. Je recommande !,,0.0,,2019-11-16,https://www.trustpilot.com/review/01banque-en-ligne.fr?page=2,3,14-09-2024,0,0,0,0,2019,11,16,,113,3,3,',0,0,les meilleurs conseilsde fortes Ã©conomies d'argent grÃ¢ce aux conseils avisÃ©s de ce site internet. je recommande,fr
bank,Younited CreditÂ ,ALEXANDRE,Rapide et simple !,Rapide et simple !Merci,,0.0,,2021-10-29,https://www.trustpilot.com/review/www.younited-credit.com?page=15,38,14-09-2024,1,0,0,0,2021,10,29,,23,2,1,,0,0,rapide et simple merci,fr
